index,name
1,Alaska Ice Tea
2,Alamo
3,Albermarle Fizz
4,Alaska
5,Alacant
6,Air gunner
7,Alegria
8,Alabama slammer
9,Alexander baby
10,Alesia
11,Alibi
12,Alexander
13,Alexandra
14,Alexander's Sister
15,Algonquin
16,Alfonso cocktail
17,Alize Bleu
18,Alice
19,Alien brain hemorrhage
20,Alize Blond
21,Alien
22,Alizée
23,Alicante
24,Alleluia
25,Alysée
26,Allez les bleus
27,Alleluja
28,Amarelinha
29,Aloha
30,Amanda
31,Amarena
32,Amaretto
33,Amaretto Coffee
34,Amaretto Alexander
35,Amaretto Mist
36,Amaretto Sour
37,Amaretto Cola
38,Amaretto raisin
39,Amaretto shake
40,Amaretto Sour 2
41,Amaretto Strong
42,Amaretto Stinger
43,Amaretto Sour Jello Shot
44,Amaretto tonic
45,Amarius
46,Amayuki
47,Amazing champagne
48,Amazodka
49,Amazone
50,Amazonas
51,Arago
52,Aramis
53,Aravis
54,Arc-en-ciel
55,Arcata Sunset
56,Aramis le coquin
57,Artic Warmer
58,Archipel
59,Aromatic bitter
60,Ariane 4
61,Arosa
62,Artist's cocktail
63,Asphalt
64,Assommoir
65,Astor
66,Astoria
67,Atholl Brose
68,Astronaut
69,Atila
70,Athos
71,Atlantis
72,Atoll
73,Atlantic
74,Atomic Freeze
75,Au soleil levant
76,Atomic
77,Atomic Hawaii
78,Atos
79,August Moon
80,Aurore des îles
81,Aurore
82,Austral
83,Autodidacte
84,Avocat Flip
85,Austrian friendship
86,Awake
87,Avalanche
88,Ayran
89,Aviation
90,Ayta
91,Aztec punch
92,Azzuro
93,Azteca
94,Azur
95,Aztèque
96,Amazone latino
97,Amazonia
98,Amba
99,Ambassade
100,Ambassador
101,Amer Picon Cocktail
102,Amer bière
103,Ambroisie
104,Amber Dream
105,America
106,American Beauty
107,American Fizz
108,American Chaser
109,American Flyer
110,American grog
111,American Rose
112,American Legion Margarita
113,Americano
114,Ami Corse
115,Amicalement vôtre
116,Amo-te
117,Amour
118,Amour sucré
119,Amour sanglant
120,Amour cocktail
121,Ananas Cup
122,Ananas fizz
123,Anaconda
124,007
125,Ancêtre
126,Andalou
127,Andalousia
128,Andalusia
129,Angel
130,Android
131,Andy's Heaven
132,Angel dream
133,Angel face
134,Angel Lips
135,Angel's delight
136,Angel's Kiss
137,Angel Special
138,Angeles Cocktail
139,Angel's Tip
140,Angélique
141,Angelito
142,Angel's Tits
143,Angostura & Ginger Ale
144,Angine Brune
145,Angostura Fizz
146,Anglers cocktail
147,0155
148,100% Brazilian
149,007 pineapple
150,"1,2,3 sunlight!"
151,1001 (Mil et un)
152,11club11
153,123
154,13 tones Bell!
155,1789
156,2 Mental
157,206
158,27 321
159,2F & Bubbles
160,20th century
161,2G (Glamour Gloss)
162,3G
163,3 p'tit chat
164,333
165,3M
166,31st Birthday
167,4 You
168,4 seasons kir
169,491
170,7 & 7
171,42nd Street
172,666
173,75 Cocktail
174,51 brésilien
175,81 Camaro
176,999
177,A la Russe
178,A ton tour
179,A tout coeur
180,Abakila
181,Abbey
182,"ABC, The Genuine"
183,Abricot Frappé
184,Aberdeen Angus
185,Abracadabrice
186,Abricot Brandy Sour
187,Abricotier
188,Absinthe
189,Abricotine
190,Absinthe Cocktail
191,Absolut Equestrienne
192,Abyssina
193,Acapulco gold
194,Acapulco
195,ACE
196,Acapulco golden
197,Adam y eva
198,Acapulko
199,Acuario
200,Adam's Rib
201,Adhoc
202,Adios Motherfucker
203,Adriana
204,Anisette
205,Adonis cocktail
206,Advocaat
207,Advocaat drink
208,Affinity
209,Afrococo punch
210,Afrika memory
211,Afrofraise
212,After Eight Shot
213,After-dinner cocktail
214,After midnight
215,After sex
216,Antharium
217,Anthony dreams
218,Anonymous
219,Anti's
220,Antioxenergy
221,Anthurium
222,Antillaise
223,Aperitissimo
224,Aphrodisiaque
225,Aphrodite
226,Aperol Spritz
227,Appetiser cocktail
228,Apolo cocktail
229,Apple Beer
230,Apicius Shooter
231,Apiconuts
232,Apple Blossom
233,Apple champagne
234,Apple Cosmopolitan
235,Apple cobbler
236,Apple fizz
237,Apple Daïquiri
238,Apple jack n°2
239,Apple Fly
240,Apple jack (Applejack)
241,Apple lover
242,Apple mojito
243,Apple Martini
244,Apple pear
245,Apple pekin
246,After8
247,Afterglow
248,Agave sec margarita
249,Apple Pie Punch
250,Afternoon Special
251,Agent orange
252,Aggravation
253,Agua de valencia
254,Agua-pé
255,Aimy Ice
256,Air cleaner
257,Apple shot
258,Apple rose
259,Apple sunrise
260,Apple tea
261,Apple Supreme
262,Applesky
263,Apricamp
264,Apricot beach
265,Apricot
266,Appletini (Abricotini)
267,Apricot Chill
268,April shower
269,Apricot Sparkler
270,Aqualight
271,Ara
272,Aquavit (akvavit)
273,Ara tequila
274,Aquarium
275,Air france
276,Bamboula
277,Air france 2
278,Banana daiquiri
279,Banana bliss
280,Banana cow
281,Banana Frog
282,Banana Kiwi
283,Banana kiss
284,Banana Morning
285,Banana Mama
286,Banana Oreo
287,Banana passion
288,Banana mint
289,Banana slip
290,Banana Split
291,Banana Royale
292,Banana sprint
293,Bananacolada
294,Bananarama
295,Bananas
296,Bananas paradize
297,Bananasplit
298,Bananes du sud
299,Bananas' Way
300,Bananiac
301,Bandidos
302,Banshee
303,Baptiste
304,Barbabulle
305,Barbade
306,Barbarie
307,Barbe Blanche
308,Barbarella
309,Barbotage
310,Barquesa-brulacare
311,Barbotage special
312,Barbe bleue
313,Bardi
314,Basic martini
315,Basilic Martini
316,Bathylle
317,Basil Beauty
318,Basin street
319,Basket
320,Baticho
321,Batida de abacaxi
322,Batida de café
323,Batida de cerveja
324,Batida de coco
325,Batida de laranja
326,B & B
327,Batida de leite
328,B & C
329,B&R Old Fashioned
330,B & P
331,B-42
332,B-52
333,B-51
334,B-52 Jello
335,B-52 in the Desert
336,B-52's
337,B-53
338,B-55
339,B-57
340,Ba-Bu
341,BA03
342,Baby Guinness
343,Baby blues
344,Baby Bellini
345,Baby Love
346,Baby one more time
347,Baby pink
348,Bacardi Cocktail
349,Bacardi Symphony
350,Babylon Kiss
351,Bacardi highball
352,Baccara
353,Baciami subito
354,Bacon Vodka
355,Bahamas O.
356,Bahana House
357,Baden-baden
358,Baia
359,Bahia Felipe
360,Bahia
361,Baiser de feu
362,Baie des anges
363,Baiser d'amour
364,Bailey's on Ice
365,Baillet's
366,Baiser tropical
367,Baja Tomato
368,Balalaïka (Troïka)
369,Balboa Smoothie
370,Bali
371,Bali cocktail
372,Balboa Pisang
373,Balawech
374,Balsamine
375,Balicocktail
376,Bamboo
377,Batida de leite de coco
378,Batida de limão
379,Batida de manga
380,Batida de mel
381,Batida de Pina
382,Batida de morango
383,Batida de maracuja
384,Batido de fraise
385,Batracien d'Halloween
386,Bavareisa
387,Bauer Power Hour
388,Beach milk 2
389,Bavaroise
390,Beachcomber
391,Bazooka
392,Bay of passion
393,Beauté Nature
394,Bebida de Bolacha
395,Beachcomber sa
396,Beautifuls Angels
397,Bébé rose
398,Beijo na boca
399,Beefeater Martini
400,Beirão Ardente
401,Bella Julia
402,Bella luna
403,Belle lune chantravimonh
404,Belle Helène
405,Belle île
406,Belle Nana
407,Belle normandine
408,Below zero
409,Belmar
410,Belphégor
411,Bellini
412,Belvedere
413,Bentley
414,Béné dégraissée
415,Berrichon
416,Berry Bear
417,Berry Good
418,Berry Fizz
419,Besace By Night
420,Bérurier
421,Bi-centenaire
422,Between the sheets
423,Bicerin
424,Bière : Le baiser de la princesse
425,Biebertini
426,Bière : Vores
427,Bière chaude
428,Bière bretonne
429,Bière en or
430,Big Apple
431,Bif
432,Big electrik
433,Big Bobbies
434,Big foot
435,Biguine
436,Bikini
437,Bijou
438,Bikino
439,Billiard Bull
440,Bird of Paradise
441,Billiard Hurricane
442,Birdie Nam Nam
443,Bishop
444,Bishop cup
445,Bison rouge
446,Bison des Iles
447,Bissap
448,Bitter Sweet Symphony
449,Bite Of the Apple
450,Bistouille coffee
451,Bittersweet Union
452,Black Apple
453,Bitters Highball
454,Black bitch
455,Black & Tan
456,Black Forest
457,Black dog
458,Black Cola
459,Black Ice
460,Black hawk
461,Black Jack
462,Black Lime
463,Black Irish
464,Black magic
465,Black martini
466,Black Pearl
467,Black sun
468,Black Russian
469,Black Shadow
470,Black Velvet
471,Blackberry Caipirinha
472,Blackberry mojito
473,BlackD
474,Blackcurrant tequila
475,Blanc bec menthe
476,Blue spirit
477,Blanc cassé
478,Blue tequila
479,Blue Temptation
480,Blue wind
481,Blue Web
482,Blue worm
483,BMW
484,Bob
485,BMW2
486,Bob Marley
487,Bob Greenstock
488,Bob Marley Absinthe
489,Bobby
490,Bob-di-Dob
491,Bobby burns
492,Bodega verte
493,Bodega dream
494,Bois rose
495,Bois-blanc
496,Boerenjongens
497,Bois-Le-Duc
498,Boisson au gingembre
499,Boisson drainante
500,Bol
501,Boisson isotonique
502,Boisson énergisante
503,Boker's bitters
504,Bollito verde
505,Bolide
506,Bolivian Kiss
507,Bolshoï punch
508,Bombay JC/DC
509,Bombe de bastille
510,Bon cis
511,Boulevardier
512,"Bon foie, bon oeil"
513,Bonanza
514,Bonbon
515,Boony
516,Bonbon rose
517,Bora bora
518,Boson
519,Borradinha
520,Bossa Nova
521,Bossom caresser (Bosom caresser)
522,Boston flip
523,Boston sour
524,Bounty
525,Boston gold
526,Bourpif
527,Bourbon sloe gin fizz
528,Bozicni Punc
529,Bramble
530,Branca & Cola (Fernet Coca)
531,Brandy Alexander
532,Brandy alexander milk punch
533,Brandy Amer
534,Brandy daisy
535,Brandy collins
536,Brandy Crusta
537,Brandy cobbler
538,Brandy Dub Style
539,Brandy egg-nog
540,Brandy grump
541,Brandy manhattan
542,Brandy Flip
543,Brandy shanteralla
544,Brandy punch
545,Brandy milk egg-nog
546,Boston ward
547,Bougainville feuang fa
548,Bougainville Fa
549,Brandy shrub
550,Brandy tea
551,Brandy sour
552,Brasileiro
553,Bravo Cocktail
554,Brave bull
555,Brazil cocktail
556,Brassmonkey
557,Brazilian Rose
558,Breakfast not
559,Breakfast martini
560,Breizh Planteur
561,Bretagne
562,Bribery
563,Brise du soir
564,Britalia
565,Brise indienne
566,Britney & Whitney
567,Bronx
568,Brooklyn
569,Blanc ciré
570,Brother
571,Broux de noix
572,Brown Russian
573,Brown jug
574,Brown kilt
575,Brûlot
576,Bubba
577,Bubble coco
578,Blanc gommé
579,Blanc limé
580,Blanc tonic
581,Blanc-cass
582,Blanche
583,Blanche neige
584,Bleu-Argent
585,Bleue
586,Bleu ciel
587,Blig
588,Blind Russian
589,Blinker
590,Blood and Sand
591,Blizzard
592,Bloodapple
593,Bloody Bitch
594,Blood hound cocktail
595,Bloody beer
596,Bloody caesar
597,Bloody Dark
598,Bloody Love Sensation
599,C & C
600,Bloody maria
601,Bloody Matador
602,Bloody orange
603,Bloody Pirate
604,Bloody Mary
605,Bloody Shot
606,Bloody sunday
607,Bloody Tonic
608,Cabanis
609,Cabanis Cocktail
610,C & S
611,C and T
612,Cabrioletti
613,Cactious
614,Cacham
615,Cactus
616,Caf'conc
617,Caesar
618,Caetano
619,Cactus jack
620,Café Amaretto
621,Café à la turque
622,Café à la valdôtaine
623,Café au beurre (Bulletproof coffee)
624,Café blanc
625,Café bombon
626,Café au kirsch
627,Café au lait
628,Café Calypso
629,Café Brésilien
630,Café chocolat
631,Café Caramel
632,Café crème
633,Cafe de Olla
634,Café de Paris
635,Café de Noël
636,Café de Paris Cocktail
637,Blow Job
638,Café des Patriotes
639,Caipirinha de Maracuja
640,Blowjob2
641,Blue blazer
642,Blue devil
643,Blue Breeze
644,Blue Ginny Lemon
645,Blue Hawaiian
646,Blue hawaii
647,Blue lady
648,Blue Ivan
649,Blue Mango
650,Blue Lagoon
651,Blue margarita
652,Blue monday
653,Blue moon 2
654,Blue Moon
655,Blue moon martini
656,Blue ocean
657,Café épicé
658,Café Fort-Royal
659,Café espagnol (Spanish coffee)
660,Café frappé
661,Café Impérial
662,Café glacé
663,Café frappé Bailey's
664,Café frappé à l'Oranger
665,Café renversé
666,Café marseillais
667,Café royal
668,Café noisette
669,Café Royale
670,Café special
671,Café Viennois
672,Caipiblack
673,Caipipreta
674,Caipirão
675,Caipirinha de Morango
676,Caipirinha
677,Caipirinha de Vinho
678,Caipirinto
679,Caipirissima
680,Caipiroska
681,Caipirinha Sans Alcool
682,Caipiruva
683,Caipiviola
684,Caju Amigo
685,California
686,Calcinhas de seda
687,California sunset
688,California Dream
689,Calimutcho (Calimucho)
690,Câlin
691,Calipso Sting
692,Calisaya
693,Calva Dose
694,Calvados Sour
695,Calvados Cocktail
696,Blue sea
697,Blue Shark
698,Calvapple
699,Calvattitude
700,Calypso
701,Camacho
702,Campari cup
703,Campari Soda
704,Campari sour
705,Camparis
706,Campari hawaii
707,Campari martinique
708,Campari punch
709,Canadian Car Bomb
710,Campor
711,Canadian passion
712,Canadian squash
713,Canari
714,Canaria
715,Canadian summer
716,Candie pink
717,Candy Bag
718,Candy shop
719,Caniche
720,Canebière
721,Canisse
722,Canquila Blue
723,Canyon
724,Cap horn
725,Capirina
726,Cape Codder
727,Cathedrale
728,Cat-a-tonic
729,Castillou
730,Catamaran
731,Catherine Blossom
732,Caviarissime
733,Caviar de fruits
734,Cawnpore
735,CCC Cream
736,Ccc
737,Cauchemar de Dracula
738,Caverne
739,Cecilia
740,Celerius
741,Centenario
742,Cendrillon
743,Ceresio
744,Cellulierre
745,Cercueil
746,Cerises à l'eau de vie
747,Cerveau (Bloody brain)
748,Cervelle de Singe
749,Cervelle de Singe 2
750,César
751,Cham Cham
752,Cervoise
753,Chacha
754,Chambery fraise
755,Chamanca
756,Chambord Champagne
757,Champagne aux fruits
758,Chambord célébration
759,Champagne cobbler
760,Champagne cocktail (version ABF)
761,Champagne cocktail
762,Champagne carita
763,Champagne délice
764,Champagne du pauvre
765,Champagne flip
766,Champagne fraise
767,Champagne julep
768,Champagner daisy
769,Champagne Pick Me Up
770,Champania
771,Champagne punch
772,Champagne Violette
773,Champari
774,Champion
775,Champenois
776,Capo cabana
777,Capitole
778,Cappuccino
779,Champion de france
780,Cappuccino épices
781,Cappuccino Instantané
782,Capri
783,Cappuccino LICOR 43 special
784,Captain ara
785,Captain Kirk's Alien Sex On A Beach
786,Car Bomb
787,Car'hot
788,Caraïban Banana
789,Caramelito
790,Caramba
791,Carambar
792,Cardicas
793,Caress
794,Carenum
795,Caresse fruitée
796,Capuccino de chocolat
797,Caribbean
798,Carcadé
799,Caresse cocktail
800,Caribbean cruise
801,Caribbean Lagoon Tonic
802,Caribbean Dream
803,Caribbean's Souvenir
804,Caribou
805,Carin
806,Carlotta
807,Carolina
808,Carnaval
809,Caroline
810,Carre d'as
811,Carribbean antihip
812,Carrol cocktail
813,Champlo
814,Cartagène
815,Cartoon
816,Caruso cocktail
817,Casablanca
818,Casablanca 2
819,Casamance
820,Cascade
821,Casino
822,Cassandre
823,Casse noisette
824,Cassis chaud
825,Cassis Supreme
826,Champlure cocktail
827,Champoreau
828,Champs-Elysées
829,Changement d'huile
830,Chantaco
831,Chapala
832,Charentais
833,Chapel hill
834,Chanterelle cocktail
835,Charles Cocktail
836,Charleston 2
837,Charlesyde
838,Charlie c
839,Charlie's
840,Charlotte libre
841,Charly collins
842,Charm
843,Chartreuse punch
844,Chartreuse Jaune
845,Chartreuse soleil
846,Chartreuse tonic
847,Chartreuse Verte 5
848,Chartreusito
849,Cheetah
850,Chaudeau chti
851,Chaudeau (chodo)
852,Chemical
853,Cherry ale
854,Cherry bi-byrrh
855,Cherry Brandy
856,Cherry blossom
857,Cherry Cherry
858,Cherry coffee
859,Cherry cream
860,Cherry flip
861,Cherry fizz
862,Cherry Lovely
863,Cherry-Vanilla Bitters
864,Cherrylolo
865,Cherrylore
866,Chi-chi
867,Chez des Amis
868,Chi-Chi d'hawahï
869,Cherrysev
870,Chic Champ
871,Chicano
872,Chien enragé texmex
873,Chien Fou
874,Chicha morada
875,Démangeaison tropicale
876,Demi-fraise
877,Demi-peche
878,Demoiselle
879,Derby daïquiri
880,Demonio (dégustation d'absinthe)
881,Demolition
882,Derky niakwé
883,Désert rose
884,Desert sunrise
885,Désintoxication
886,Desir d'un soir
887,Desir Noir
888,Désir d'une nuit
889,Désirade
890,Desperado cocktail
891,Desiree
892,Despejito
893,Dessert
894,Detox C
895,Detox-me
896,Devonia
897,Devil cocktail
898,Diablotin
899,Diabolo
900,Diabolo flamand
901,Diabolo fraise
902,D gra D
903,Diabolo grenadine
904,Diabolo menthe
905,Diabolo framboise
906,Diamant noir
907,Chu-Hai
908,Diesel
909,Digoy Digoy
910,Diamant vert
911,Dieudonné
912,Diboular (diboulac'h)
913,Dillitini
914,Dirty Margarita
915,Dinah
916,Dirty banana
917,Diplomatico Old Fashioned
918,Dirty Monkey
919,Dirty Martini
920,Divin gaulois
921,Dirty mother
922,Doctor Funk
923,Diwali
924,Dj m'ilay
925,Dizzy dame
926,Doctor Pepper
927,Dada Fraise
928,Daikiri vanillia abricot
929,Daiquiri
930,Daiquiri aux fraises
931,Daïquiri Banane
932,Daïquiri Barbados
933,Daïquiri Floridita /Frozen Daïquiri
934,Daïquiri Fruité
935,Daiquiri Isula
936,Dame de coeur
937,Dame blanche
938,Damn The Weather
939,Daniel's Cocktail
940,Dame du lac
941,Danieli
942,Danseuse divine
943,Dario smile
944,Chupito
945,Churchill Martini
946,Ch'ti sangria
947,Ch'ti shot
948,Cicero
949,Cider cup
950,Cidre spécial
951,Cidre des chartreux
952,Cidre à l'orange
953,Cindy
954,Cinghalais
955,Cinnamon Julep
956,Cirrhose
957,Citrik
958,Cinzano Limetto
959,Citronnade
960,Citron vert givre
961,Citron vert glacé
962,Citrus
963,Citrus Cocktail
964,Citrus Punch
965,City coral
966,Citrus twist
967,Clair de cocktail
968,Claret
969,Clair de lune
970,Clair de lune cocktail
971,Chill me
972,Dark Angel
973,Dark emeraude
974,Caribian sunshine
975,Caribou martini
976,Dark Emotion
977,Dark Mai
978,Dark Grapin'
979,Dark Vador
980,Dark Purple
981,Darkvador
982,Darkdise
983,Darling
984,Dawa
985,Datopom
986,Daviken
987,Daxmort
988,Day & night
989,Day dream
990,De Noël
991,Claret Cup
992,Clémentos
993,Classico
994,Clémepastoise
995,Clementine
996,Clover Club
997,Clubber
998,Club
999,Cobbler Ananas
1000,Cobra
1001,Coca cola cock
1002,Cocaïne liquide
1003,Cocktail de Jouvence
1004,Coccinelle
1005,Cocktail carotte
1006,Cocktail de la folie
1007,Cocktail soleil
1008,Coco Caraibe
1009,Cocktil
1010,Coco beer
1011,Chimayo
1012,Coco Cognac
1013,Coco choco
1014,Chimayo cocktail
1015,Chill out
1016,Chive
1017,Chiwawa
1018,China's dream
1019,Choco coffee
1020,Chiwawa du Bois le Duc
1021,Chocobeer
1022,Choco lips
1023,Choco shot
1024,Chocolat à la jamaïcaine
1025,Chocolat au lait
1026,Chocolat bavarois
1027,Chocolat Chamallow
1028,Chocolat chaud
1029,Chocolat brésilien
1030,Chocolat chaud à l'ancienne
1031,Chocolat chaud au lait de coco
1032,Doido
1033,Death Beauty
1034,Deauville
1035,Deauvillais
1036,Deelight
1037,Deep valley
1038,Debutante
1039,Deep Purple
1040,Delice de france
1041,Délice fruité
1042,Delice des bois
1043,Délice de nectarine
1044,Délice des îles
1045,Delicioso
1046,Chocolat chaud vanillé
1047,Chocolat de Louis XV
1048,Chocolat écossais
1049,Chocolat espagnol
1050,Chocolat flip
1051,Chocolat Guimauve
1052,Chocolat viennois
1053,Chocolat piment
1054,Chocolat samba
1055,Chocolat viennois express
1056,Chocolate Ebony
1057,Chocolate banana smoothie
1058,Chocolate Cake Shooter
1059,Chocolate of chance
1060,Chocolate Martini
1061,Chocolate fullmoon
1062,Chocomenthe
1063,Chodo antillais
1064,Choko Toffee Martini
1065,Chouchen (Chouchenn)
1066,Chouchou
1067,Chomp
1068,Choucroutas
1069,Choupito
1070,Choun
1071,Christelle
1072,Christmas punch
1073,Christina
1074,Chris' & Angel
1075,Chrysomel
1076,Dolce sour
1077,DOM Coffee
1078,Dolce vita
1079,Domino Shot
1080,Don didi
1081,Doogh
1082,Don Giovanni
1083,Dou dou fizz
1084,Dorint kiss
1085,Doré
1086,Double K
1087,Double standard sour
1088,Double show
1089,Double zero
1090,Douceur
1091,Douceur de Chine
1092,Douceur fruitée
1093,Doudou 2
1094,Douceur d'Asie
1095,Doudou
1096,Doudoune
1097,Doux orgasme
1098,Down Home Punch
1099,Delirium
1100,Delirium Mai Tai
1101,Dragon
1102,Dr philips grapefruit cup
1103,Dragon Ball Z
1104,Dragon Ball Z GT
1105,Drambuito
1106,Draque
1107,Drift
1108,Drink Dry Dear
1109,Drunken God Father
1110,Drink Me I'm Famous
1111,Dry Manhattan
1112,Drogue
1113,Dream
1114,Dry martini
1115,Dubonnet cocktail
1116,DSK
1117,Dudu par terre
1118,Duke
1119,Dundee
1120,Dumbarton dream
1121,Dummy Daisy
1122,Durango
1123,Dynamite corse
1124,E.t.
1125,Earthquake
1126,Dynasty (Camjjd)
1127,Eastwind
1128,Easter Flip
1129,Earthquake 2
1130,Eau de coings
1131,Eau de mélisse des carmes
1132,Eau de citron
1133,Eau de vie de Verveine
1134,Ecarlate
1135,Écarlate toi
1136,Eco-Tini
1137,Empire celeste
1138,Écume
1139,Edwin aldrin collins
1140,Effoa
1141,Egg mint
1142,Egg Rose
1143,Eguisheim
1144,Either dry currants
1145,Eggnog
1146,El Animal
1147,El bella carolina
1148,El Diablo
1149,El dorado
1150,El fango
1151,El Goipeador
1152,El Speedy
1153,El Habano
1154,Electric Blue
1155,Electric Jello
1156,Éléphant
1157,Electric Iced Tea
1158,Energicious
1159,Endy's
1160,Energie
1161,Energy
1162,Energy Smoothie
1163,Enmé
1164,Entente cordiale
1165,Entrevue
1166,Entrelardé
1167,Envoûtement
1168,Enzo
1169,Épiscopale
1170,Erika
1171,Eröffnung
1172,Elephant rose
1173,Erupcíon
1174,Erotika
1175,Elevator
1176,Elfreda
1177,Eliot
1178,Elisa
1179,Elisabeth
1180,Élixir de Garus
1181,Elixir de Ronce
1182,Elixir d'Aloe Vera
1183,Ellisse
1184,Elmina
1185,Eloise
1186,Embarcadère
1187,Embuscade
1188,Emerald
1189,Émeraude
1190,Émois
1191,Emerîle
1192,Espuma passion
1193,Espumas au carambar
1194,Essiac
1195,Espumavocat-pomelo
1196,Ete indien
1197,Etincelle de minuit
1198,Etude
1199,Etna
1200,Eurêka
1201,Europ 92
1202,Europa
1203,European Bronx
1204,Eva
1205,Evain
1206,Évasion
1207,Eveil
1208,Evening delight cocktail
1209,Ever green
1210,Everybody's irish
1211,Evry
1212,Exotic dream
1213,Exotic
1214,Exotic Lagoon
1215,Ewoks
1216,Exotic Green
1217,Exotica sun
1218,Exotix
1219,Exotisme
1220,Exotic Night
1221,Exotistic
1222,Expresso Martini
1223,Express G
1224,Extra Dry Martini
1225,Extra Dirty Martini
1226,Extradition
1227,Eye-opener
1228,Fabiola
1229,Fair Weather
1230,Fabyol
1231,Fairbank cocktail
1232,Faim de loup
1233,Falernum
1234,Fairy or the lake
1235,Fallen angel
1236,Fallen leaves
1237,Fantasio
1238,Fancy lemonade
1239,FanFan
1240,Fantôme
1241,Fantasia
1242,Farafina
1243,Farmer's Joy
1244,Fashion Pajalito
1245,Favorite cocktail
1246,Farmer
1247,Faubourg Saint-Honoré
1248,Faut Avoir la Pêche
1249,Fée Verte
1250,Fazel Tov
1251,Felicitation
1252,Felicita
1253,Feeling
1254,Feminin present
1255,Ferrari
1256,Fenouillette
1257,Felicite
1258,Ferry boat
1259,Festival sun
1260,Festrus
1261,Five dominos
1262,Fêtard
1263,Fête des mères
1264,Feu rouge
1265,Feuang-fa
1266,Feuille morte
1267,Figueira
1268,Fidel Castro
1269,Figuette
1270,Filippo
1271,Fire
1272,Finsbury park
1273,Fire bomb
1274,Fire flammer
1275,Fireball
1276,First kiss
1277,Fish house cup
1278,Five & ten
1279,Fizzi
1280,Fizz E401
1281,Fjord
1282,Flamand rose
1283,Flambeau
1284,Flaming Lamborghini
1285,Flaming Dr. Pepper
1286,Flamboyant
1287,Flash dancer
1288,Flatliner
1289,Flirtini
1290,Fleur d'amour
1291,Fleur céleste boupha savanh
1292,Floc Beauty
1293,Floc d'été
1294,Flo'rilége
1295,Floc me up
1296,Floc Melon
1297,Flor
1298,Floradora
1299,Florida 2
1300,Florida
1301,Florida Dream
1302,Florodora
1303,Florius
1304,Flower Smoothie
1305,Flute de pan
1306,Flu Shot
1307,Fruit Cup
1308,Fruit Daïquiri
1309,Fruit des îles
1310,Fruit tea
1311,Fruit Punch
1312,Fruits cup
1313,Fubble
1314,Fuck Atlantis
1315,Frustuck
1316,Flying tiger
1317,Foggy day
1318,Fond de culotte
1319,Folkeboot cocktail
1320,Fontaine de champagne
1321,Football player
1322,Force de Menthe
1323,Formule 3
1324,Forest Mystery
1325,Forêt noire
1326,Four Score
1327,Fortaleza
1328,Fourmi et Cigale
1329,Fourth of july
1330,Fox poison
1331,Frais
1332,Fraîcheur oasis
1333,Fragola
1334,Fraîcheur d'orgeat
1335,Fucking Good Cocktail
1336,Fraises crémantes
1337,Fraise et son basilic
1338,Fucking Peach
1339,Fuck vodka
1340,Fuel Of Life
1341,Fulgent cocktail
1342,Fun
1343,Fun at the beach
1344,Fun House
1345,Fuser
1346,Fraisier des bois
1347,Fraisito
1348,Fraiska
1349,Frakassator
1350,Framboisine
1351,Frangelico Alexander
1352,Frangipane
1353,Freedent
1354,Frank le Tank
1355,Frantini
1356,Frégate
1357,Freeman
1358,Freedom 4
1359,French
1360,Fréjus
1361,French 75
1362,French 76
1363,French cancan
1364,French connection
1365,French coffee
1366,French Flag
1367,French Kiss
1368,French Love
1369,French mexican
1370,French martini
1371,French Orgasm
1372,French Pink-Wimple
1373,French Pearl
1374,French Prohibition Milk
1375,French pink
1376,Frenesy pick me up
1377,French slash
1378,Frênette
1379,Freres de la cote
1380,Fresh Punch
1381,Frisco
1382,Fresh Cucumber
1383,Friandise
1384,Frisson d'evêche
1385,Froggy
1386,Froideur Slovaque
1387,From the ice
1388,Fronzy
1389,Frosty Lime
1390,Frostbite
1391,Froth Blower
1392,Frozen Bridge
1393,Frozen Daïquirito
1394,Frozen Strawberry
1395,Gangadine
1396,Galaxie
1397,Frugality cup
1398,G-52
1399,Gangster
1400,Gap Vodka
1401,Gardian
1402,Gard&Fresh by Alessia
1403,Gaspachi
1404,Gastrokill
1405,Garibaldi
1406,Garhiofilatum (Giroflé)
1407,Gaybel's
1408,Gce
1409,Gaz d'avion
1410,Gege
1411,Geisha
1412,Gemada
1413,Genegroni
1414,Genépi
1415,General lee
1416,Generic
1417,Génie
1418,Genièvre
1419,Gentle ben
1420,Gentiane
1421,Géométrie
1422,Gerry
1423,GG Passion Breeze
1424,GGF
1425,Gibson
1426,Gilbertus
1427,Gimlet
1428,Gim 35
1429,Gimlet 2
1430,Gin and bear it
1431,Gin & Sin
1432,Gin and beer it
1433,Gin and Sin
1434,Gin Basil Smash
1435,Gin Crusta
1436,Gin Cobbler
1437,Gin and It
1438,Gin coctail
1439,Gin daisy
1440,Gin Fizz
1441,Gin daisy 2
1442,Gin from India
1443,Gin Fizz Mousse
1444,Godfather
1445,Gin Garden Martini
1446,Gin flip
1447,Godchild
1448,Godinette
1449,Gogole
1450,Godinette (punch breton)
1451,Gold dog
1452,Godmother
1453,Golden Doublet
1454,Gold-lolo
1455,Golden Cadillac
1456,Golden Dream
1457,Golden Frog
1458,Golden Fizz
1459,Golden gate
1460,Golden Green
1461,Golden moon
1462,Golden Martini
1463,Golden pony
1464,Golden shaker
1465,Golden Rico
1466,Golden tea
1467,Goldfinger
1468,Goldie
1469,Googe
1470,Golden Tear
1471,Goole
1472,Goudron (ou mazout)
1473,Gotferdom
1474,Gpl
1475,Gouillou
1476,Gran Sangria
1477,Grand Colada
1478,Grand Cotton
1479,Grand éclat
1480,Grand frisson
1481,Grand frais
1482,Grand marnier
1483,Grand guevara
1484,Grand prix
1485,Grand Marnier Café
1486,Grand Gourou
1487,Grand Slam
1488,Grand Theft Auto
1489,Grandine shake
1490,Grandpa is alive
1491,Granité Vodka Citron
1492,Granithé
1493,Granny smith
1494,Granité Menthe Pastille/chocolat
1495,Grimaldi
1496,Grape Me
1497,Grin man
1498,Gringo
1499,Groenland
1500,Grog alsacien
1501,Grippe aviaire
1502,Grog
1503,Grog americain
1504,Grog au cidre
1505,Grog français
1506,Grog aux airelles
1507,Grossnad'gin
1508,Grog whisky-tilleul
1509,Grog crillon
1510,Grolle
1511,Grouse Egg
1512,Grzane wino
1513,Grzaniec
1514,Guaragin
1515,Guerillero Heroico
1516,Guava Vodka
1517,Guido's
1518,Guignolet
1519,Gx i
1520,Gymkana
1521,Grape Mojito
1522,Grapefruit & orange
1523,Grapefruit lemonade
1524,Grapefruit bitter
1525,Grass cocktail
1526,Grasshopper
1527,Graviton
1528,Green Angel
1529,Green & White
1530,Green apple
1531,Green chaud
1532,Green bull
1533,Green chaud 2
1534,Green Bubble tea
1535,Green Day
1536,Green Eyes
1537,Green Dwing
1538,Green Fizz
1539,Green Hope
1540,Green heart
1541,Green Ice Tea
1542,Green goblin
1543,Green in light
1544,Green Killer
1545,Green irland
1546,Green lizard
1547,Green peace
1548,Green mojito
1549,Green Lagoon
1550,Green Peach
1551,Green smoothie kale mango
1552,Green surf
1553,Green smoothie
1554,Green Rainbow
1555,Green Tomato
1556,Green vesper
1557,Green touch
1558,Greenface
1559,Greenita
1560,Greenger
1561,Grenada
1562,Greenpeace
1563,Grenouille
1564,Grenadine shake
1565,Grenadine
1566,Grenadier
1567,Greyano vino
1568,Grey cat
1569,Grenouille paf (Paf la grenouille)
1570,Greyhound
1571,Gin max gold
1572,Gin pahit
1573,Gin Passion
1574,Gin rickey
1575,Gin Sling
1576,Gin Smash
1577,Gin sour
1578,Gin Swizzle
1579,Gin-Gin Mule
1580,Gin Tonic
1581,Gin-Menthe
1582,Ginette
1583,Ginger ale Punch
1584,Ginger ale
1585,H.S.
1586,Ginger Beer
1587,Ginger beer it
1588,Ginger Bull
1589,Ginger champagne
1590,Ginger fizz
1591,Ginger Fizz 2
1592,Ginger mango
1593,Ginger mojito
1594,Ginger orange
1595,Ginjinha
1596,Ginjinha Shot
1597,Glace à la banane
1598,Girls on Sunrise
1599,Glace à la fraise
1600,Glace à la lavande
1601,Glace au caramel
1602,Glace à la vanille
1603,Glace au café
1604,Glace a la rhubarbe
1605,Glace au chocolat
1606,Glace au citron
1607,Glace au miel
1608,Hab Hallegro
1609,Glace Mascarpone
1610,Hadron
1611,Häagen Ice
1612,Glace de macadamia
1613,Hairy sunrise
1614,Hakuna Matata
1615,Hakim
1616,Half & Half
1617,Half an half
1618,Halloween
1619,Halloween Black Spider
1620,Glace réglisse
1621,Glaçons de vodka
1622,Glayva Impériale
1623,Glögg
1624,Glögi
1625,Gloria
1626,Glorioso
1627,Gluon
1628,GMX
1629,Gnondpom
1630,Gnamakoudji
1631,Halloween Day on Ice
1632,Hammerhead
1633,Hammer
1634,Halloween Special Drink
1635,Han-cock-tail
1636,Hampton
1637,Hand grenade
1638,Hanky-Panky
1639,Hanna
1640,Happy birthday
1641,Happy day's cocktail
1642,Hannibal
1643,Happy end
1644,Hanniball
1645,Harakiri
1646,Haribo bill
1647,Happy thought
1648,Harlem Cocktail
1649,Harley Wallblanger
1650,Harricana
1651,Harvard Cocktail
1652,Harmonie
1653,Harvey Wallbanger
1654,Hasta Siempre
1655,Hasty Cocktail
1656,Hausgauen
1657,Havana Banana Fizz
1658,Havana Cocktail
1659,Havana beach
1660,Hawaian cocktail
1661,Havana Club
1662,Hawaii Eye
1663,Hawaii Fizz
1664,Hawaiin Blossom
1665,Hawaiian martini
1666,Hé yo!!
1667,HBK death strike
1668,Head Shock
1669,Health drink
1670,Heart's Cocktail
1671,Health Potion
1672,Heaven Coffee
1673,Heidi
1674,Hello Kitty
1675,Hell
1676,Héloïse
1677,Hello man
1678,Hemingway Spécial
1679,Hermes
1680,High After Eight
1681,Highland Breeze
1682,Highland Fling
1683,Hilton
1684,Hip-hop
1685,High light
1686,Hiroshima
1687,Hoffman House Cocktail
1688,Holidays imperial
1689,Hologramme
1690,Honey Apple
1691,Honey Bee
1692,Hold'em
1693,Honey moon cocktail
1694,Honey Tiger
1695,Honeymoon
1696,Honolulu Cocktail
1697,Hooligan's Soup / Turbo Kenny
1698,Horchata de chufa
1699,Hoole
1700,Horse's neck
1701,Hot buttered rhum
1702,Hot bullshop
1703,Hot golden kiss
1704,Hot Hot Hotel
1705,Hot Irish Whiskey
1706,Hot jamaican cow
1707,Hot milk special
1708,Hot night in Bangkok
1709,Hpnotiq Chili
1710,Hpnotic Rita
1711,Hot toddy
1712,Hugo
1713,Huntsman
1714,Hugosse
1715,Huitième merveille du monde
1716,Hurricane
1717,Hurry Shark
1718,Hydromel
1719,Hypercooling
1720,Hypérion
1721,Hyperméthrope
1722,Hypocras
1723,Hypnotique
1724,Hypocras au genièvre
1725,Hypocras aux figues
1726,Hypocras framboise
1727,Iberian Gin & Tonic
1728,Iberie Cocktail
1729,Ice B
1730,Ice bet
1731,Iceberg (ou H2O)
1732,Ice-Breaker
1733,Iceberg choco
1734,Iceberg Cocktail
1735,Iced mint
1736,Ieltsine
1737,Il trionfo del Tempo
1738,Impérial
1739,Ile d'ischia
1740,Impérialement vôtre
1741,In the wood
1742,Impress Me
1743,In the mood
1744,Inca cocktail
1745,Inca
1746,Incredible
1747,Independance
1748,Incorruptible
1749,Incider
1750,Indian Summer 2
1751,Indien
1752,Incorruptible champagne
1753,Indira Long
1754,Indiscretion
1755,Inspiration
1756,Ink street cocktail
1757,Inferno mojito
1758,Inès
1759,International Cocktail
1760,Interrogation
1761,Ipady
1762,Irish Chocolate
1763,Irish Champion
1764,Irish Christmas
1765,Irish Car Bomb
1766,Irish picon
1767,Irish Coffee
1768,Irish Rose
1769,Irish flag
1770,Isba
1771,Isla Mona
1772,Island Cooler
1773,Isabelita Cocktail
1774,Island cream grog
1775,Italian peach martini
1776,Island of the wind
1777,Italian gipsy
1778,Italian pecker
1779,Italiano spécialiti
1780,Italian Sunrise
1781,Izcaragua
1782,Jus de Tarzan
1783,Jus d'avocats
1784,Jus de coccinelle
1785,Jack & Black
1786,Jack Rabbit
1787,Jack Sour
1788,Jack and Coke
1789,Jack rose
1790,Jack Your Melon
1791,Jack's Special
1792,Jacqueline
1793,Jacqueline rose
1794,Jade raiser
1795,Jade
1796,Jäger Bomb
1797,Jäger Club
1798,Jägerinha
1799,Jagertee
1800,Jalisco
1801,Jamaican cow
1802,Jamaican Car Bomb
1803,Jamaican's
1804,Jango
1805,Japanese
1806,Jasmin Cucumber
1807,Jasmin
1808,Jaune cass
1809,Jaune contre jaune
1810,Jazz sous les pommiers
1811,Jazz Negroni
1812,Jefferson Cocktail
1813,Jellab
1814,Jerba
1815,Jeropiga
1816,Jerry Thomas bitter
1817,Jewel of Pangaea
1818,Jersey Cocktail
1819,Job fermier
1820,Joconde
1821,Jimmy Sweet
1822,Jockey club cocktail
1823,Jimmy & Guinney
1824,Joe l'indien
1825,John's cocktail
1826,John Collins
1827,Jupiter Martini
1828,Johnny Cocktail
1829,Jungle
1830,Jonaa
1831,Jonathan
1832,Jouvence
1833,Jurassic Green Hawaiian
1834,Jura Midge
1835,Kir Royal Pêche
1836,Kir savoyard
1837,Kir sur lit de rose
1838,Kir valletais (Kir montassier)
1839,Kir surprise
1840,Kir verde (Kir Portugais)
1841,Kiribati
1842,Kiry
1843,Kiss Cool
1844,Kir Vierge
1845,Kiss Cool Menthol
1846,Kiss & Roses
1847,Kiss Gin
1848,Kiss Kool
1849,Kiss me quick
1850,Kiwini
1851,Kiwi cream
1852,Kiwi martini
1853,Kiwiskowa
1854,Klabauter man
1855,Kiwipirinha
1856,Kiwizz
1857,Knickerbocker
1858,Knifey Moloko
1859,Koala
1860,Klimt special
1861,Koko flower
1862,Knob Creek Manhattan
1863,Kochersberg
1864,KoKo Style
1865,Kon-Tiki
1866,Krutenau Bounce Ice Tea
1867,Kummel
1868,Kvas (kwas)
1869,Kado Koi Cocktail
1870,Kahlua coco
1871,K-Rouge
1872,Kaîna beach
1873,Kakoun
1874,Kaki
1875,Kamaino
1876,Kalis 1769
1877,Kamikaze
1878,Kalachnikov
1879,Kamikaze blue
1880,Karaboudjan
1881,Kampai
1882,Kansas
1883,Karneval
1884,Karkadé
1885,Kazi Cocktail
1886,Kat in the bath
1887,Katrina
1888,Kéfir de fruits (kéfir d'eau)
1889,Keloy on the beach
1890,Kéfir de lait (Kephir)
1891,Kentumi
1892,Ketch coco
1893,KGB
1894,Kiay
1895,Killer kool-aid
1896,Ki-Kiwi
1897,Kiki gourmand
1898,Kimanpopette
1899,Kingston
1900,Kina
1901,Kir ardéchois
1902,Kir
1903,Kir auvergnat
1904,Kir breton
1905,Kir celtique
1906,Kir des dieux
1907,Kir grand ducal
1908,Kir imperial
1909,Kir citron
1910,Kir imperial 2
1911,Kir japonais
1912,Kir lorrain
1913,Kir mûre
1914,Kir médocain
1915,Kir normand
1916,Kir provençal (Kir soleil)
1917,Kir royal
1918,Lait de noisettes
1919,Kir royal de france
1920,Lait de noix
1921,Lait de poule
1922,Lait de poule à l'ancienne
1923,Lait de poule au Tilleul
1924,Lait de poule sans alcool
1925,Lait de poule au rhum
1926,Lait de poule végétalien
1927,Lait de poule version 2
1928,Lait de provence
1929,Lait de quinoa
1930,Lait de riz
1931,Lait de tigre
1932,Lait de tournesol
1933,Lait d'amandes
1934,Lait d'avoine
1935,Lait d'orge
1936,Lait macaron à la pistache
1937,Lait jaune
1938,Lait orange
1939,Lait miel-carotte
1940,Lamoone
1941,Larimar
1942,Laponia
1943,Lara Croft
1944,Las Vegas
1945,Larme du diable
1946,Lassi
1947,Latina
1948,Latte macchiato
1949,Latte Macchiatto Caramel
1950,Latin'o Floc
1951,Le 513
1952,Laura
1953,Lavande Fizz
1954,Le casse-noisettes
1955,Le Duc
1956,Le delice
1957,Le Croupier
1958,Le cullinan
1959,Le Diable en Saint
1960,Le diablotin
1961,Le duquesne
1962,Le francois antilla cup
1963,Le frugivore gourmet
1964,Le grog des montagnes
1965,Le G by LEJAY
1966,Le gosier
1967,Le Globe Trotter
1968,Le joséphine
1969,Le K
1970,Le lézard
1971,Le M
1972,Le Nom de la Rose
1973,Le Mino
1974,Le Michou
1975,Le Printemps
1976,Le montgolfiere
1977,Le quieros
1978,Le ried
1979,Le royalti
1980,Le Scorpion
1981,Le Truc Rouge
1982,Le soleil Martiniquais
1983,Lebas
1984,Lebanese snow
1985,Le vétéran magistral
1986,Lèche moi
1987,Leite de Onça
1988,Leg up
1989,Lemon cocktail
1990,Lemon drop
1991,Lemon Julep
1992,Lemon flip
1993,Lemon mint
1994,Lepton
1995,Lemonada
1996,Lemon squash
1997,Lena
1998,Les yeux de Laetitia
1999,Lhassi colada
2000,L'alsacienne
2001,Lever de soleil
2002,Lestim
2003,Leviathan
2004,Libertine
2005,Liaison fatale
2006,Liberty Cocktail
2007,Liberty
2008,Liburnia
2009,Liégeois
2010,Light Emotion
2011,Light America
2012,Lime Cordial
2013,Lili pop
2014,Like Tarte Tatin
2015,Lime Rickey
2016,Lime'n gin
2017,Limonade
2018,Limonade basque
2019,Limonade des tropiques
2020,L'alysee
2021,L'ananas-tilleul
2022,L'equateur
2023,L'Echelard
2024,L'etincelle
2025,L'expé
2026,L'instant plaisir
2027,L'Hespéride
2028,L'os blanc
2029,La belle pomme
2030,L.A. sunrise
2031,La bomba
2032,La charge d'athos
2033,La Fée Rouge
2034,La cocktaillerie
2035,La feria
2036,La Navicule Bleue
2037,La passion
2038,La fraîche de madagascar
2039,La fraise antillaise
2040,La passion des iles
2041,La tronçonneuse
2042,Lacta Punch
2043,Lady anne
2044,Lady blue
2045,Lady Scarlett
2046,Lady flanagan
2047,Lady smile gin tonic
2048,Lady sweet
2049,Lady Trousdale
2050,Lady Killer
2051,Ladybird
2052,Laetitia
2053,Laetitia special
2054,Lagoon 5
2055,Laetitony
2056,Lagon bleu
2057,Lait Banane
2058,Lafayette
2059,Lait au caramel
2060,Lait de baleine
2061,Lait de carotte
2062,Lait de chanvre
2063,Lait de bubble gum
2064,Lait de chataigne
2065,Lait de cacahuètes
2066,Lait de coco
2067,Lait de courge
2068,Lait de grog
2069,Link Up
2070,Linda13
2071,Limule
2072,Limoncello
2073,Lipton Fizz
2074,Limonette
2075,Liqueur 44
2076,Liqueur d'absinthe
2077,Liqueur d'abricot
2078,Liqueur d'amande
2079,Liqueur d'acacia
2080,Liqueur d'arquebuse
2081,Liqueur d'Ananas
2082,Liqueur d'aspérule
2083,Liqueur d'angélique
2084,Liqueur d'aubépine
2085,Liqueur d'échalote
2086,Liqueur d'estragon
2087,Liqueur d'oeuf
2088,Liqueur de banane
2089,Liqueur de basilic
2090,Liqueur de bouillon-blanc
2091,Liqueur de bourrache
2092,Liqueur de cannelle
2093,Liqueur de café
2094,Liqueur de capucines
2095,Liqueur de cacao
2096,Liqueur de cassis
2097,Liqueur de céleri
2098,Liqueur de cerises
2099,Liqueur de chataignes
2100,Liqueur de citron
2101,Liqueur de Chocolat
2102,Liqueur de citron vert
2103,Liqueur de citron aux épices
2104,Liqueur de citronnelle
2105,Liqueur de clémentine
2106,Liqueur de coco (Malibu)
2107,Liqueur de coings
2108,Liqueur de coquelicot
2109,Liqueur de coriandre
2110,Liqueur de cumin
2111,Liqueur de dattes
2112,Liqueur de farigoule
2113,Liqueur de figues
2114,Liqueur de fraises des bois
2115,Liqueur de fraises
2116,Liqueur de Framboises
2117,Liqueur de génépi
2118,Liqueur de gingembre
2119,Liqueur de genièvre
2120,Liqueur de gratte-cul
2121,Liqueur de griotte
2122,Liqueur de hêtre
2123,Liqueur de groseilles
2124,Liqueur de kaki
2125,Liqueur de lait
2126,Liqueur de Kiwis
2127,Liqueur de laurier
2128,Liqueur de lavande
2129,Liqueur de londres
2130,Liqueur de mandarine
2131,Liqueur de magnolia
2132,Liqueur de miel
2133,Liqueur de menthe
2134,Liqueur de mangues
2135,Liqueur de melons
2136,Liqueur de millepertuis
2137,Liqueur de mûre
2138,Liqueur de mirabelles
2139,Liqueur de myrte
2140,Liqueur de noisettes
2141,Liqueur de noix (Nocino)
2142,Liqueur de nèfles
2143,Liqueur de myrtille
2144,Liqueur de noix sèches
2145,Liqueur de noix vertes
2146,Liqueur de noyau d'abricot
2147,Liqueur de pêche
2148,Liqueur de pommes
2149,Liqueur de poire
2150,Liqueur de pissenlit
2151,Liqueur de prunelles
2152,Liqueur de Prunelline
2153,Liqueur de prunes
2154,Liqueur de raisin
2155,Liqueur de rhubarbe
2156,Liqueur de sapin
2157,Liqueur de rose
2158,Liqueur de romarin
2159,Liqueur de thym
2160,Liqueur de serpolet
2161,Liqueur de sauge
2162,Liqueur de sureau
2163,Liqueur de tilleul
2164,Liqueur de vanille
2165,Liqueur de Vénus
2166,Liqueur du pendu
2167,Liqueur de verveine
2168,Liqueur des Chartreux
2169,Liqueur d'orange
2170,Liqueur de violettes
2171,Liqueur du soleil
2172,Liqueur montagnarde
2173,Lisa simpson
2174,Liqueur vieux garçon
2175,Liquid Cookie
2176,LLC (Lava Lamp Champagne)
2177,Loco-motive
2178,Little one
2179,Little Italy
2180,Long Elzar Drink
2181,Long Denon Island
2182,Long Cointreaupolitan
2183,Long fellow
2184,Lolo to night for ever
2185,Lola's
2186,Lola
2187,Long Beach ice Tea
2188,Long island Iced Tea
2189,Lorraine
2190,Love
2191,Los Angeles
2192,Lotus bleu
2193,Louis Aragon
2194,Louisiane
2195,Louise
2196,Love Divine
2197,Love sensation
2198,Loving Cocktail
2199,Love story 1
2200,Lovely
2201,Love story 2
2202,Lovely bird
2203,Lucide
2204,Lucie love
2205,Lucky bitch
2206,Lueur d'un soir
2207,Lumiere rouge
2208,Luring
2209,Lucky luciano
2210,Luguillau
2211,Lucky ingrid
2212,Lychee Martini
2213,Lychee Breeze
2214,Lychee Martini 2
2215,L'abricotine cocktail
2216,Lychee sunrise
2217,L'amoroso
2218,L'Apollon
2219,Lynchburg Lemonade
2220,L'élu
2221,L'Ingénieux
2222,L'or à boire
2223,M
2224,L'oranger
2225,Ma Puce
2226,M/s fenno express
2227,M.I.L.F.
2228,M&M's Milk Shake
2229,Macao
2230,Macadam
2231,Macaroni
2232,Macca
2233,Mad Spicy Red Gin Tonic
2234,Macchabée
2235,Machin
2236,Madam
2237,Madinina cocktail
2238,Madame rose
2239,Madmix
2240,Magic Star
2241,Madras
2242,Mai Tai
2243,Magnolia blossom
2244,Mah jong
2245,Magnum citron
2246,Mahayana
2247,Maiden's Prayer
2248,Makseb
2249,Maidens dream
2250,Malagua
2251,Malaga
2252,Malibu Ananas
2253,Mali
2254,Maldives
2255,Malibu Cola
2256,Malibu choco
2257,Malibu Beach
2258,Malibu dream
2259,Malibu lime
2260,Malibu Soña
2261,Malibu orange
2262,Malibu salsa
2263,Malibu sunrise
2264,Malique
2265,Mamada
2266,Mallorca
2267,Maloa
2268,Manda dry
2269,Mamajuana
2270,Manchester
2271,MandaBa
2272,Mandeville
2273,Mandarin
2274,Marry me
2275,Marquise
2276,Marsala à l'amande amère
2277,Marquisette
2278,Marsala à l'oeuf
2279,Martien
2280,Marsal' fletcher
2281,Martini
2282,Martineye
2283,Martinez
2284,Martini Black Door
2285,Martini Blue
2286,Martini All Stars
2287,Martini Gold Royale
2288,Martini Fizz
2289,Martini Fresh
2290,Martini Royale Bianco
2291,Martini Royale Rosato
2292,Martini tonic
2293,Martinic
2294,Martinique Smuggler
2295,Mary
2296,Mary Pickford
2297,Marvodk blue
2298,Mary Cassidy
2299,Massachussets Club Fever
2300,Martins spécial
2301,Masato
2302,Mate la cerise
2303,Massimiliana
2304,Master fruits salad
2305,Master BedRoom
2306,Matador
2307,Mathilde
2308,Maud
2309,Maudite
2310,Maury premier printemps
2311,Mauresque sans alcool
2312,Mauresque
2313,Mauve cherry
2314,Mayfair lady cocktail
2315,Max Milk
2316,May Flower
2317,Mayfair
2318,Melanaise
2319,Melancinha
2320,Meat and potatoes
2321,Melancolie
2322,Mélanie
2323,Mangalore Fraise
2324,Mêlé-cass
2325,Meliflea
2326,Melinda cocktail
2327,Melo paradise
2328,Meloman Passion
2329,Melon Nolem
2330,Melon patch
2331,Melon smoothie
2332,Melon Pearl
2333,Melon spit
2334,Melon sam
2335,Meloncito
2336,Melrose
2337,Menina
2338,Menostop
2339,Menthe au citron
2340,Mentha fushia
2341,Meojifo
2342,Mentha stream
2343,Mer de Chine
2344,Mangalore Sangria
2345,Manganana
2346,Mango Daiquiri
2347,Mango Lassi
2348,Mangeur de cigogne
2349,Mango Martini
2350,Mangolerito
2351,Mangolito
2352,Manguetini
2353,Manhattan Julep
2354,Manhattan
2355,Manille
2356,Manzana Bubble
2357,Manzana pep's
2358,Manzanillo
2359,Manzarom
2360,Manzana verde
2361,Mar del plata
2362,Maracaïbos
2363,Maracuja cocktail
2364,Marasgin
2365,Mer du sud
2366,Marcassin
2367,Merveille d'Alice
2368,Merida
2369,Metropole
2370,Métempsyrhum
2371,Metropolitan
2372,Mexicain
2373,Mexican
2374,Mexican coffee
2375,Mexican ice tea (Texas tea)
2376,Mexican asshole
2377,Mexicana
2378,Mexican snake bite
2379,Mexican madras
2380,Mexico
2381,Mexicola
2382,Mexitini
2383,Miami
2384,Miami Vice
2385,Marchand de vin
2386,Marche Orientale
2387,Margarita
2388,Marchou
2389,Margarita grenade
2390,Margarita Frozen
2391,Margarita melancia
2392,Margarita Jello Shot
2393,Margarita Sans Alcool
2394,Margarita mix
2395,Margarita-Ice
2396,Margot
2397,Maria thérésa
2398,Marguerite
2399,Mariachi
2400,Marie
2401,Marie galante
2402,Marina
2403,Mariko
2404,Marine's Vodka
2405,Marina Viva
2406,Mariroc
2407,Mariner
2408,Marion
2409,Marisa
2410,Michski
2411,Marloupéen
2412,Marnissimo coffee
2413,Michelada
2414,Mickado
2415,Midnight sun
2416,Midnight Vultures
2417,Midori sour
2418,Mik-shake perfect
2419,Mike Collins
2420,Mike
2421,Miel et citron
2422,Milk blues
2423,Milano-Torino
2424,Milk Shake Banane fraise chocolat
2425,Milk shake banane chocolat
2426,Milk Shake Leve-toi
2427,Milk-punch au rhum
2428,"Milk-shake ananas, banane, kiwi"
2429,Milk-punch
2430,Milk-shake Milk-ella
2431,Milk-shake vitabon
2432,Milky Way
2433,Milkcoco
2434,Mille et un
2435,Millionnaire
2436,Millenium
2437,Mimosa
2438,Mine
2439,Mini Egg
2440,Minavat
2441,Mint chocolate
2442,Mint Fizz
2443,Minimoys
2444,Mint Julep
2445,Mint Martini
2446,Mint lady
2447,Mintocoffee
2448,Mirage
2449,Miss kittin
2450,Mississipi punch
2451,Mireille
2452,Mississipi
2453,Mister Green
2454,Mistercocktail
2455,Mix attitude
2456,Mistral
2457,Mix Violet
2458,Mojiska
2459,Mockingbird
2460,Mizuwari
2461,Mojita
2462,Mojito
2463,Mojito Chaï
2464,Mojito Basilic
2465,Mojito Créole
2466,Mojito de Maracuja
2467,Mojito Fraise
2468,Mojito framboise
2469,Mojito Marijuana
2470,Mojito golden
2471,Mojito Punch
2472,Mojito Picon
2473,Mojito royal
2474,Mojito Sans Alcool
2475,Mojito Special
2476,Molotov
2477,Moloko Plus
2478,Moloko
2479,Mokaccino
2480,Moments of pleasure
2481,Mon ami Grène
2482,Môminette
2483,Mon ami pierrot
2484,Mon ricard mangue de rien
2485,Mon Amour
2486,Mon Cheri
2487,Mon p'tit
2488,Mon coeur
2489,Mona lisa (Version ABF)
2490,Mona lisa
2491,Mona sherry
2492,Monaco
2493,Monica
2494,Monkey gland
2495,Mont blanc
2496,Monkey Island
2497,Monte rosa
2498,Monkey's Lunch
2499,Montgomery Martini
2500,Montpellier cocktail
2501,Moonlight
2502,Moonred
2503,Moppy
2504,Moorea
2505,Moonlight shadow
2506,Morangão
2507,Moranga
2508,Morango Doce
2509,Morita
2510,Morgane
2511,Morito
2512,Morne rouge
2513,Morena
2514,Morgane special
2515,Morning Edition
2516,Moscova
2517,Moulin Rouge
2518,Moscow mule
2519,Moscovite
2520,Moscow sling
2521,Moulin Rouge 2
2522,Mother's day
2523,Moulin Vert
2524,Mr Cocktail
2525,Mousti'x
2526,Mudslinger
2527,Much more
2528,Multiple Orgasm
2529,Multipass
2530,Mudsline
2531,Muon
2532,Mûroise Martini
2533,Mure special
2534,Muslum (vin miellé)
2535,My lady
2536,Mystere cognac
2537,My Sobieski
2538,My pinky valentine
2539,Nabo
2540,Nain jaune
2541,Naked & Famous
2542,Naeco
2543,Natalia
2544,Nathaly's
2545,Nasty Girl
2546,Nature Joyeuse
2547,Nautilus
2548,Navy grog
2549,Negroni
2550,Negus
2551,Neil armstrong collins
2552,Nenekk13
2553,Néon
2554,Neptune
2555,Neo mushroom
2556,Netcocktails
2557,Never Forget Fukushima
2558,Never again
2559,New Président
2560,New Dehli
2561,New Orleans Hand Grenade
2562,New York Sour
2563,New School Martini
2564,Nicolas
2565,Nikaia
2566,New yorkers
2567,Niagara
2568,Nicoshoot
2569,Nikolaschka
2570,Ninou
2571,Ninitchka
2572,Nixon
2573,Nocturn
2574,Noël blanc
2575,Nordic summer
2576,Noire
2577,Normandie-Niemen
2578,North Star
2579,Normandy
2580,Nostalgie
2581,Northern Spleen
2582,Northern queen
2583,Noyau sour
2584,Novillada
2585,Nounours team
2586,Nuage bleu
2587,Nuage de coco
2588,Nuage rose
2589,Nuit blanche
2590,Nuage rose 2
2591,Nuit de folie
2592,Nuit de noces
2593,Nuit d'automne
2594,Nutella Milk-shake
2595,Nutellatini
2596,N°5
2597,Nympho
2598,Nyoum's
2599,O2
2600,Occidental Trip
2601,Oasis
2602,Ocean
2603,Océane
2604,Oatmeal Cookie
2605,October Sky
2606,Octobre Rouge
2607,Oeuf rose
2608,Off Cold
2609,Oguay
2610,Oin-oin
2611,Oh my god
2612,Oiseaux de paille
2613,Old Cuban
2614,Oiseau de paradis
2615,Okopulco
2616,Old Fashioned
2617,Old Fashioned Whisky Cocktail
2618,Old Fashion Bitter
2619,Old Hickory Cocktail
2620,Old Princess
2621,Ole
2622,Olympic 84
2623,Olympic
2624,On the beach at the sunset
2625,Ombre du lotus
2626,Ombrage
2627,One minute
2628,Opera
2629,Opaline
2630,Opium
2631,Oogy Wawa
2632,Or jaune
2633,Optimist
2634,Orange Amnésik
2635,Orange bénie
2636,Orange blossom
2637,Orange dream
2638,Orange bitter
2639,Orange county ice tea
2640,Orange House
2641,Orange mecanique
2642,Orange passion
2643,Orange smile
2644,Orange squash
2645,Orange Sombrero
2646,Orange verte
2647,Orange Whip
2648,Orange velvet
2649,Orange-Peppermint shake
2650,Orangeade
2651,Orangeade cocktail
2652,Orangeraie
2653,Orchidee
2654,Oreo Martini
2655,Oreades kinnary
2656,Oreo Cream
2657,Orelia
2658,Oreoka
2659,Orgasm
2660,Orgasme
2661,Orgeat lemonade
2662,Orgasmo
2663,Original Pink Lady
2664,Ours blanc
2665,Oubol
2666,Ours rose
2667,Ouragan
2668,Ours Brun
2669,Ovni
2670,P.C.B.
2671,Oyster
2672,PAAF
2673,Pagrim
2674,Pacifico
2675,Pacharan
2676,Pacifiste
2677,Paixao
2678,Painkiller
2679,Palotto
2680,Pampetini cocktail
2681,Pampa
2682,Panaché
2683,Panam
2684,Panama
2685,Pangolin
2686,Papa Hemingway
2687,Panthère rose
2688,Pancho's punch
2689,Papagallo
2690,Paradise
2691,Paradisiaque
2692,Paradise mix
2693,Parasol
2694,Pastis n°2
2695,Parfait amour
2696,Paresse
2697,Parfum de femme
2698,Paris delight cocktail
2699,Paris go!
2700,Parisette
2701,Parisienne sling
2702,Parisian cocktail
2703,Parson's Special
2704,Parisian Mojito
2705,Partie au Calvados
2706,Passion champagne
2707,Passion
2708,Paso doble
2709,Pastis orange
2710,Pastis n°3
2711,Pastis Royal
2712,Pastis water (Petit jaune)
2713,Pastis Valaisan
2714,Patricia
2715,Patriote
2716,Patcha kamak
2717,Pays du soleil levant
2718,Pattaya
2719,Pavlova supreme
2720,Paztek
2721,PC Punch
2722,Passion Cup
2723,Peach fun
2724,Peach Aygulf
2725,Peach and love
2726,Passion du large
2727,Passion erotique
2728,Passion royale
2729,Passion fatale
2730,Passoa red bull
2731,Passione
2732,Passoa Punch
2733,Passionement
2734,Passoranas
2735,Pastis n°1
2736,Paste It Dry
2737,Pastel de nata
2738,Peach martini
2739,Peach on the beach
2740,Peach Ivanov
2741,Pêche Blanche
2742,Pêche attitude
2743,Pêche Melba
2744,Péché mignon
2745,Pêché Originel
2746,Peg o' My Heart
2747,Pegu Club
2748,Peching meadow
2749,Pélican
2750,Pepino-me
2751,Pekin Song
2752,Peppermich
2753,Peppermint coffee
2754,Peppermint fizz
2755,Perfect After Eight
2756,Perfect 1885
2757,Peppermint pick me up
2758,Père chartreux
2759,Perfect Bellini
2760,Perfect Brandy Alexander
2761,Perfect Daiquiri
2762,Perfect Chocolate
2763,Perfect Gin Fizz
2764,Perfect lady cocktail
2765,Perfect Manhattan
2766,Perfect Mojito
2767,Perfect Martini
2768,Perfect Whiskey Sour
2769,Perfect P2A
2770,Perfect Sazerac
2771,Pink elephant
2772,Pink coco lopez
2773,Pink gin
2774,Pink Gin Tonic
2775,Pink Flower
2776,Pink lady
2777,Pink Love
2778,Pink Martini
2779,Pink Milk (Lait fraise)
2780,Pink melon
2781,Pink Mojito
2782,Pink night
2783,Pink Palace
2784,Pink pang
2785,Pink Panty Dropper
2786,Pink Paradise
2787,Pink Panther
2788,Pink Panther Flip
2789,Pink Purple
2790,Pink pussy cat
2791,Pink Punch
2792,Pink raiser
2793,Pink riviera
2794,Pink smoothie
2795,Pink sweet
2796,Pink Valentine
2797,Pink valley
2798,Pink-Sky
2799,Pinklad
2800,Pinneapple angle
2801,Pirate à la mère!
2802,Piquette
2803,Pirates
2804,Pinneapple cooler
2805,Piscine
2806,Pisco sour
2807,Pisco sour mango
2808,Piscola
2809,Pithos beach
2810,Pita
2811,Plaisir Exotique
2812,Plaisir des yeux
2813,Pizza Cocktail
2814,Planter's Punch
2815,Peril rose
2816,Planteur
2817,Planteur antillais
2818,Planteur guadeloupéen
2819,Planteur martiniquais
2820,Planteur des Caraibes
2821,Perroget
2822,Perroquet des Antilles
2823,Perroquet
2824,Petit Mariachi
2825,Peter
2826,Petit poislait
2827,Petit sourire
2828,Petit Grégory
2829,Petit Punch Vieux
2830,Petite chinoiserie
2831,Persicot
2832,Petite fleur
2833,Phi-phi
2834,Petites fleurs
2835,PG
2836,Petite gâterie
2837,Philtre d'amour
2838,Phitos beach
2839,Photon
2840,Picon
2841,Picon Bière
2842,Pick me up
2843,Picador
2844,Picon club
2845,Picon Royal
2846,Picoyann
2847,Pictonic
2848,Pikaki
2849,Pimm's Cup
2850,Pimm's n°1
2851,Pilypily
2852,Pimponette
2853,Pin up
2854,PiÑa
2855,Piña Colada
2856,Pina Colada 2
2857,Pina Colada Sans Alcool
2858,Pina Colada Nut
2859,Pina Colada Special
2860,Pina Colada Royal
2861,Pina Colata
2862,Pina Colada Smoothie
2863,Pina Mix
2864,Pina Margarita
2865,Pineapple and Sage mojito
2866,Pink
2867,Pink Bloody
2868,Pineapple cooler
2869,Pineapple lemonade
2870,Play-boy
2871,Playa
2872,Plein ciel
2873,Please love me
2874,Point bleu
2875,Pluton
2876,Podium
2877,Plutonium
2878,Poire d'épice
2879,Poison
2880,Pomegranate Cosmopolitan
2881,Polar Blue Lagoon
2882,Pommos
2883,Pomme d'Api
2884,Pompier
2885,Poor Man's Black Velvet
2886,Ponche caribenu
2887,Pondicherry
2888,Porn Star
2889,Popsicle
2890,Port sanary
2891,Port au prince
2892,Porn Star shooter
2893,Porn Star Martini
2894,Port sud
2895,Port Wine Negus
2896,Porticio bay
2897,Porto flip
2898,Porto Pink Lady
2899,Porto cobbler
2900,Porto mel
2901,Porto Sour
2902,Porto simili
2903,Portugal Spleen
2904,Portus Cale
2905,Pot-au-rhum
2906,Potion des elfes
2907,Poudreuse
2908,Potion magique
2909,Pousse melon
2910,Pousse d'épine
2911,Pousse l'amour
2912,Pousse rapière
2913,Pousse-cafe
2914,Prairie fire
2915,President
2916,Prélude
2917,Prairie oyster
2918,President 2
2919,Presidente
2920,Purple Mojito
2921,Purple Jack
2922,Purple Sour
2923,Purple Nasty
2924,Purple Drank
2925,Purple passion
2926,Pussy Cat
2927,Purplish
2928,Pussy Foot
2929,P'tit Denis
2930,Quand paris s'enflamme
2931,P'tit Choco Banana
2932,Pussyfoot jonhson
2933,Quantum
2934,Quartier latin cocktail
2935,Quartet
2936,Quark
2937,Quatre saisons
2938,Quasar
2939,Quebec and the beach
2940,Queens
2941,Quelle vie !
2942,Quentão
2943,Quinquina
2944,Quetzcoalt
2945,Quick fuck
2946,Quimperlé
2947,Prestige de l'esprit
2948,Prestige
2949,Quintessence 5
2950,Princesse anne
2951,Princess Acidulée
2952,Princesse
2953,Printemps bleu
2954,Princess léia
2955,Promenade
2956,Probably
2957,Procope merciere
2958,Prudence
2959,Prune shake
2960,Prunelle
2961,Puits d'amour
2962,Ptit Schtroumpf
2963,Punch a la peche
2964,Punch
2965,Punch agrume
2966,Punch antillais
2967,Punch au melon
2968,Punch au muscadet
2969,Punch au chocolat
2970,Punch Café
2971,Punch bouilant à l'Oranger
2972,Punch camomille
2973,Punch coco
2974,Punch Coco Royal
2975,Punch Coco Soleil
2976,Punch créole
2977,Punch exotique
2978,Punch de Noel
2979,Punch exotique aux fruits
2980,Punch d'été
2981,Punch Indien
2982,Punch Laury
2983,Punch litchis
2984,Punch La Madeira
2985,Punch Menthe
2986,Punch passion
2987,Punch Lorrain
2988,Punch Planteur
2989,Punch royal
2990,Punch Sans Alcool
2991,Punch Russe
2992,Punch rumbullion 1881
2993,Punk
2994,Pure Apple
2995,Pure Class
2996,Punch trinidad
2997,Purple Cosmopolitan
2998,Red lady
2999,Red Light
3000,Red Isley
3001,Red lips
3002,Red limon tea
3003,Red lion
3004,Red Lips 2
3005,Red Mogin Tonic
3006,Red Monkey
3007,Red Orange
3008,Red moon
3009,Red russian
3010,Rheingold
3011,Red Raid
3012,Red Shake
3013,Red sun
3014,Red Sombrero
3015,Rabbi Jabob Flower
3016,Red snapper
3017,Red sweet
3018,"Red, white and blue"
3019,Red velvet
3020,Red sunshine
3021,Red Witch
3022,Regate
3023,Reeperbahn
3024,Regeneration
3025,Reggae
3026,Relayeur
3027,Regent star
3028,Rheingold 2
3029,Regime light
3030,Rhum ananas
3031,Rhum arrangé simple
3032,Rhône
3033,Rhum au beurre
3034,Rhum aux épices
3035,Rhum Banane Citron
3036,Rhum banane vanille
3037,Rhum basilic citron
3038,Rhum cacahuète
3039,Rhum bibasse
3040,Rhum café
3041,Rhum cannelle
3042,Rhum carambar
3043,Rhum coco fraise
3044,Rhum Clémentine
3045,Rhum coco
3046,Rhum Cristal
3047,Rhum Crusta
3048,RAC
3049,Rabo-de-galo
3050,Rain forest
3051,Rainbow Shot
3052,Radeau
3053,Raifortissimo
3054,Rainbow Shot the Sheriff
3055,Rainbow cooler
3056,Raisa
3057,Raisins en colère
3058,Ramcooler
3059,Ramos
3060,Ramos Gin Fizz
3061,Rapace bleu
3062,Raquel
3063,"RAS, Rigoler Aimer Siroter"
3064,Rasberry punch
3065,Raspberry Daïquiri
3066,Rasberry Cheesecake
3067,Raspberry Martini
3068,Rastadrink
3069,Raspberry Lemon Sorbet
3070,Rasta Colada
3071,Raspberries by vanilla
3072,Rastafari
3073,Ratafia de cassis
3074,Ratafia de cerises
3075,Ratafia aux mandarines
3076,Remember the maine
3077,Relique verte
3078,Ratafia de framboises
3079,Rencontre
3080,Remues Tes Tripes
3081,Rendez vous seduction
3082,Rendez-vous
3083,Residence
3084,Revanche de la pipe
3085,Rentière
3086,Retail Therapy
3087,Reporter
3088,Reve d'amour
3089,Rêve d'un soir
3090,Rêve des antilles
3091,Rêve rose
3092,Rhum Epices
3093,Réveil fruité
3094,Rêverie
3095,Rhum Fraise
3096,Rhum gingembre
3097,Rhum la Paille
3098,Rhum lady
3099,Rhum litchi
3100,Rhum menthe
3101,Rhum Miel Vanille
3102,Rhum okapi
3103,Rhum piments
3104,Rhum poivre anis étoilé
3105,Rhum orange
3106,Rhum Pom Pom Pom
3107,Rhum Pomme Cannelle
3108,Rhum punch
3109,Rhum raisin
3110,Rhum réglisse anis
3111,Rhum shrub
3112,Rhum Réglisse
3113,Rhum Vanille
3114,Rhum violette
3115,Ratafia de noix
3116,Rayon
3117,Rayon de soleil
3118,Razzita
3119,Ratafia d'oeillet
3120,Recall
3121,Recette de grand mère
3122,Red apple
3123,Réconciliation
3124,Red Caipiroska
3125,Red baron
3126,Red Dot
3127,Red Coat
3128,Red cucumber
3129,Red Down
3130,Red eye
3131,Red bubbles
3132,Red Hope
3133,Red Flame
3134,Rêverie champagne
3135,Red hooker
3136,Révolution
3137,Rhum-orange grog
3138,Reyes de fuego
3139,Rhum-piment
3140,Ricard Melon
3141,Ricard Julep
3142,Rien ne va plus
3143,Rhumaine
3144,Rise of the Guardians
3145,Richard cobbler
3146,Rise to it
3147,Rince-cochon
3148,Ritz Fizz
3149,Ritz
3150,Rob roy
3151,Roberta
3152,Ritz Side-car
3153,Roberto
3154,Roadster
3155,Robin Wood
3156,Rock and Troll
3157,Rocher du diamant
3158,Rocky mountain punch
3159,Roi Soleil
3160,Rodge
3161,Roissy
3162,Rocking chair
3163,Roland garros
3164,Rolling peach
3165,Roller rock
3166,Roman Sling
3167,Romanticos
3168,Roméo & Juliette
3169,Romance sauvage
3170,Rondo
3171,Rosa tulpen
3172,Rose
3173,Rosareto
3174,Rosanna
3175,Rose Afternoon
3176,Rose Bonbon
3177,Rosé Cerise
3178,Rose cocktail
3179,Rose des vents
3180,Rose des îles
3181,Rose de plaisir
3182,Rose Impériale
3183,Rose Lassi
3184,Rose Lady
3185,Rose imperial
3186,Rosé Pamp'
3187,Rose rocher
3188,Rose Road
3189,Rosebush
3190,Rosélia
3191,Rosen kavalier
3192,Roseline
3193,Rosette
3194,Rosewell
3195,Rosewater Rickey
3196,Rossini
3197,Rosy Snapper Martini
3198,Rouge limé
3199,Roulette Russe
3200,Roulette
3201,Rourou
3202,Roxy Rox
3203,Route des épices
3204,Royal bangkok
3205,Royal Clover Club
3206,Roy Rogers
3207,Royal cocktail
3208,Royal Fizz
3209,Royal Fruits
3210,Royal Hawaiian
3211,Royal Highball
3212,Royal Ice Mojito
3213,Royal mint
3214,Royal Julep
3215,Royal Romance
3216,Royal Mojito
3217,Royal Smile
3218,Royal wild strawberry
3219,Royalty
3220,Royal Temptation
3221,Rubis
3222,Ruby Sunday
3223,Rue royale
3224,Ruddy Mary
3225,Rum Barrel
3226,Rum collins (Ron collins)
3227,Rum Fest
3228,Russe Blanc
3229,Runny Monkey
3230,Russian Bulldog
3231,Russian coffee
3232,Russian Island
3233,Russian malted
3234,Russian sorbet
3235,Russian Spring punch
3236,Rusty Nail
3237,Russjkov
3238,Rye and dry
3239,Russoba
3240,S.W.I.
3241,Sabre d'or
3242,Saint Jacques
3243,Saint Smoothie
3244,Saint valentine
3245,Saint valentin
3246,Saint-hubert
3247,Saint-trop
3248,Saint-trop baie
3249,Sake Bomb
3250,Saketini
3251,Salazar
3252,Salome
3253,Salep
3254,Salsa
3255,Salty dog
3256,Salutem
3257,Samerreto
3258,Salvatore's Legacy
3259,San diego
3260,San francisco
3261,Sandra in High Spirits
3262,Sang et Or
3263,Sang de Dragon
3264,Sandy Collins
3265,Sangria au vin blanc
3266,Sangria aux épices
3267,Sangaree
3268,Sangria
3269,Sangria Beauquesnoise
3270,Sangria Beirão
3271,Sangria blanche
3272,Sangria blanche 2
3273,Sangria blanche vierge
3274,Sangria espagnole
3275,Sangria française
3276,Sangria express
3277,Sangria Bubbles
3278,Sangria Orianna
3279,Sangria free
3280,Sangria pirata
3281,Sangria Rosa
3282,Sangria portugaise
3283,Sangria Rosé
3284,Sangria Sans Alcool
3285,Sangria verde
3286,Santé
3287,Santa Banana
3288,Sanguinaire
3289,Saratoga cocktail
3290,Santa-fe
3291,Sao paolo
3292,Saronno per favor
3293,Sari
3294,Save me
3295,Sauzaliky
3296,Sauternes julep
3297,Saudade
3298,Sazerac
3299,Scaldino
3300,Savoy Corpse Reviver
3301,Sazerac original
3302,Scalp sunrise
3303,Scarface
3304,Scarlet O'Hara
3305,Scandivian love
3306,Scorpion
3307,Scarlette
3308,Schtroumpf
3309,Scary
3310,Scotch milk
3311,Scotch Mist
3312,Scotch milk punch
3313,Scotch sour
3314,Scotchestnut
3315,Screwdriver (Vodka orange)
3316,Screwdriver creme
3317,Screaming orgasm
3318,Scribe
3319,Scubac (Usquebac)
3320,Sdk corner
3321,Sea Breeze
3322,Seabreeze
3323,Selassiaie
3324,Sensations
3325,Senior Tom Coconuts
3326,Sentimental
3327,Sepia
3328,Septième ciel
3329,Serengeti
3330,Sex appeal
3331,Serendipity
3332,Sérénité
3333,Sex in corsier
3334,Sex on the beach
3335,Sex King
3336,Sex on my bitch
3337,Sex on the snow
3338,Sex on the Beach 2
3339,Sexotic
3340,Terre De Feu
3341,Tequini
3342,Tequonic
3343,Terminator
3344,Terminus
3345,Texas fizz
3346,TGV
3347,TGV WR
3348,TGV Vert
3349,TGV-R
3350,Than-tavan
3351,Thé à la Menthe
3352,Thé à la Verveine
3353,The City
3354,The Baker
3355,Thé antillais
3356,The Ditch
3357,The Funny Super Green
3358,Thé glacé
3359,Thé glacé à la pêche
3360,Thé glacé au citron
3361,Thé glacé aux agrumes
3362,The Ice Lud
3363,The Green Velvet
3364,The Headless Horseman
3365,The Hulk
3366,The july's
3367,The jungle
3368,The kick
3369,The king charles
3370,The Last Word
3371,The Krimson King
3372,The Portal
3373,The special
3374,The spy
3375,The Star
3376,Thé Mandarin
3377,The Universe
3378,Thimothe
3379,Theorie M
3380,Thin blue line
3381,Thomas
3382,Ti pilou royal
3383,Thunder and lightning
3384,Thunder
3385,Tic et Tac
3386,Tibo
3387,Tierra de otoño
3388,Tiger lili
3389,Tiger Lillet
3390,Sirop de melon
3391,Sirop de mélisse
3392,Sirop de mûre
3393,Sirop de menthe
3394,Sirop de mimosa
3395,Sirop de myrtille
3396,Sirop de noix de coco
3397,Sirop de pina colada
3398,Sirop de pêche
3399,Sirop de pamplemousses
3400,Sirop de pissenlit
3401,Sirop de poire
3402,Sirop de pomme
3403,Sirop de pistache
3404,Sirop de prunes
3405,Sirop de rhubarbe
3406,Sirop de romarin
3407,Sirop de réglisse
3408,Sirop de safran
3409,Sirop de sapin
3410,Sirop de sauge
3411,Sirop de serpolet
3412,Sirop de roses
3413,Sirop de sucre
3414,Sirop de sucre vanillé
3415,Sirop de sucre de canne
3416,Sirop de thé vert
3417,Sirop de thym
3418,Sirop de tilleul
3419,Sirop de verveine
3420,Sirop d'oranges
3421,Sirop de vanille
3422,Sirop de violette
3423,Sirop de vinaigre balsamique
3424,Sixième Sens
3425,Sizzurp
3426,Ski Wasser
3427,Skin-food
3428,Slaber
3429,Skyfall
3430,Sky bunny
3431,Sky my husband
3432,Slim Shady's Fucking Nirvana
3433,Sling
3434,Slimmer
3435,Sirop d'abricot
3436,Sloe Comfortable Screw
3437,Slippery chicken
3438,Slope
3439,Slippery nipple
3440,Sirop d'agave
3441,Sirop d'acacia
3442,Sirop d'absinthe
3443,Sirop d'airelle
3444,Sirop d'ananas
3445,Sirop d'amande
3446,Sirop d'épicea
3447,Soleil couchant
3448,Sirop d'arbouses
3449,Sirop d'anis
3450,Sirop d'erable
3451,Sirop d'hibiscus
3452,Sirop d'orgeat
3453,Sirop de baies de sureau noir
3454,Sirop de barbe à papa
3455,Sirop de bananes
3456,Sirop de betterave
3457,Sirop de basilic
3458,Sirop de batterie
3459,Sirop de bleuet
3460,Sirop de camomille
3461,Sirop de café
3462,Sirop de cannelle
3463,Sirop de capucines
3464,Sirop de Caramel
3465,Soleil couchant 2
3466,Soleil de minuit
3467,Soleil des Antilles
3468,Soleil levant
3469,Soleil normand
3470,Solfatare
3471,Sombora
3472,Sombrero
3473,Sorbet à la cerise
3474,Sonic blaster
3475,Sorbet à la fraise
3476,Sorbet à la framboise
3477,Sorbet à la pomme
3478,Sorbet à l'orange
3479,Sorbet de champagne
3480,Sorbet yaourt
3481,Sorrel punch
3482,Sore throat
3483,Sorcier glouton
3484,SOS
3485,Soul kiss cocktail
3486,Soupe Angevine
3487,Soupe africaine
3488,Soupe champenoise
3489,Sirop de carotte
3490,Sirop de cassis
3491,Sirop de cerise
3492,Sirop de citron
3493,Sirop de cassis-réglisse
3494,Sirop de chocolat
3495,Sirop de clous de girofle
3496,Sirop de coings
3497,Sirop de dattes
3498,Sirop de cola
3499,Sirop de coquelicot
3500,Sirop de fraises
3501,Sirop de fleurs de sureau
3502,Sirop de figues
3503,Sirop de gingembre
3504,Sirop de framboises
3505,Sirop de groseilles
3506,Sirop de grenadine
3507,Sirop de grenade
3508,Sirop de karkadé
3509,Soupe de Champagne
3510,Sirop de jasmin
3511,Soupe de pois
3512,Sour Cherry Americano
3513,Soupe de cidre
3514,Sous le signe du printemps
3515,Sour vodka
3516,Sourire d'ange
3517,Sous marin
3518,Sourtoe
3519,South beer
3520,Southern Punch
3521,Souvenirs Vintage
3522,Soyer au champagne
3523,Soviet
3524,Southern Battery
3525,Soviva
3526,Southern Sparkler
3527,Space
3528,Sirop de kiwi
3529,Sirop de lavande
3530,Sirop de mandarine
3531,Sirop de Liège
3532,Spain
3533,Spanish eyes
3534,Spanish Bomb
3535,Spanish moss
3536,Spanish temptation
3537,Sparkling Kissed
3538,Slow and furious
3539,Special applejack
3540,Slydog
3541,Slow mexican screw
3542,Smart
3543,Smart Shot
3544,Smash Smoothie
3545,Smoking Martini
3546,Smile
3547,Smirnoff Ice
3548,Smoky Martini
3549,Smoosie Cumcumber
3550,Smoothie abricot
3551,Smoocy Prunobana
3552,Smoothie banane framboises
3553,Smoothie banane
3554,Smoothie Coach
3555,Smoothie banane nectarine
3556,Smoothie Fraise
3557,Smoothie Criminal
3558,Smoothie Fraise Ananas
3559,Smoothie Fruits des Bois
3560,Smoothie King
3561,Smoothie kiwi
3562,Sexy cocktail
3563,Smoothie kiwi-goji
3564,Smoothie orange carotte citron
3565,Smoothie roses
3566,Smoothing
3567,Smoothie Royal
3568,Snake-in-the-grass
3569,Smoothy
3570,Snakebite
3571,Snakebite and Black
3572,Snakebite with venom
3573,So Lovely
3574,Snow bunny
3575,Snatch Pink
3576,Sniff snail
3577,Soaring blue
3578,Snow helvetia
3579,Soda Shop Cola
3580,Soft kir
3581,Soft buggy
3582,Soho long
3583,Soho orange
3584,Soft Banana
3585,Soho tonic
3586,Soir de france
3587,Solange
3588,Soleil
3589,SGS (Super Green Smoothie)
3590,Sole rosso
3591,Shaken Zucca
3592,Sexy Love
3593,Sgroppino
3594,Shanda
3595,Shan Bao
3596,Shanghaï
3597,Shemale
3598,Shandy
3599,Sherry coco beer
3600,Sheldon
3601,Sherry cobbler
3602,She's a bitch
3603,She's so fresh
3604,Shi Wa Wa
3605,Shoot Up
3606,Shirley temple
3607,Shogun
3608,Short sun
3609,Short yellow
3610,Shotgun (Tequila Paf)
3611,Shooting Star
3612,Shrubb
3613,Siberia
3614,Siberian sunrise
3615,Siberien
3616,Siam Sunrays
3617,Side-car
3618,Siesta
3619,Side-car racing
3620,Sigrego
3621,Silent third
3622,T-52
3623,Silk Stocking
3624,Silk Stocking 2
3625,Silver & Gold
3626,Silver cocktail
3627,Silver Cosmo
3628,Silver Fizz
3629,Silver Jubilee
3630,Taille 36
3631,Tagada
3632,Taffine
3633,Tagada Orange
3634,Tak au tak
3635,Taj Mahal
3636,Tahoe Julius
3637,Take-off
3638,Tall Black Russian
3639,Tamagozake
3640,Tampico
3641,Tangerine
3642,Tango
3643,Tangerine Sorbet Champagne
3644,Tamoure light
3645,Tango C
3646,Silver streak cocktail
3647,Silver Streak
3648,Tango panaché
3649,Simpson bay
3650,Singapore Sling
3651,Silvia
3652,Siri
3653,Sirando
3654,Sirop à 30° B
3655,Sirius
3656,Sirius the prophecy
3657,Tartini
3658,Tante ana
3659,Tartatin
3660,Tchaï (Thé Masala)
3661,Tchernobyl
3662,Tchaker
3663,Tching-Tchang-Tchung
3664,Tea fusion
3665,Tender Green
3666,Téméraire
3667,Tequila Cocktail
3668,Tequila Banana
3669,Tentation
3670,Tequila Collins
3671,Tequila Daisy
3672,Tequila dry cocktail
3673,Tequila Fizz
3674,Tequila Ghost
3675,Tequila rose
3676,Tequila matador
3677,Tequila shrinker
3678,Tequila Punch
3679,Tequila Slammer
3680,Tequila Sour
3681,Tequila Sunrise
3682,Téquila sunlight
3683,Tequila Sunrise Original
3684,Tequila Zombie
3685,Tequila Sunrise Pop
3686,Tequila sunset
3687,Tequilox bill
3688,Tequilada
3689,Tijuana Car Bomb
3690,Tilleul à l'anis
3691,Tila calda
3692,Tilleul aux lierre
3693,Tilleul-cassis
3694,Timed Bomb
3695,Tip 'n Top
3696,Tilleul-orange
3697,Tina
3698,Tinto de verano
3699,Tipperary cocktail
3700,Tipsy goyave
3701,Titanic Cocktail
3702,Tiramisu martini
3703,Tiramisu on the rocks
3704,Tiramisu Cocktail
3705,Tito Russian
3706,TNT
3707,Ti' punch
3708,TNT2
3709,Tobago Tea Time
3710,Tom & Jerry
3711,Toinety
3712,Toblerone
3713,Tom Collins
3714,"Tom, le perroquet russe"
3715,Tomate
3716,Tomate Concombre
3717,Tomato cocktail
3718,Tomato Mint
3719,Tomato u.s.
3720,Tomate-menthe
3721,Tommy's Margarita
3722,Tomato-cooler
3723,Tomato-cucumber
3724,Tomskaia
3725,Tonic mojito
3726,Top banana
3727,Topaz
3728,Torreon
3729,Tonifiant
3730,Tortuga
3731,Toro Rosso
3732,Tourbillon
3733,Totally Spies
3734,Tourmentin
3735,Train bleu
3736,Tradition
3737,Tovàrich
3738,Toxic
3739,Traçadinho
3740,Tramonto sul garda
3741,Transat
3742,Trésor de la Buse
3743,Treacle
3744,Traumschiff
3745,Tremblement de terre
3746,Trilogie
3747,Trimaran
3748,Trinidad
3749,Trinity
3750,Trinidad Especial
3751,Trinquette
3752,Triple pêche vert
3753,Trinidad Mimosa
3754,Trois ilet punch
3755,Troika 2
3756,Triple sec
3757,Tropic
3758,Tropical Beach
3759,Tropic menthe
3760,Troncard 27
3761,Tropical
3762,Tropical Star
3763,Tropical Green
3764,Tropical Spritzer
3765,Tropical sunshine
3766,Trou normand
3767,Tropicana
3768,Tropical wonder
3769,Tropiccooler
3770,Typhoon
3771,Truff'n sky
3772,Trouspinette (Troussepinette)
3773,TS3
3774,Tu e io
3775,Tsunami
3776,Tue la mort
3777,Tuamotu
3778,Tu me mangues
3779,Turquoise Blue
3780,Turriculae (vin salé)
3781,Tueur sanguinaire
3782,Turquoise
3783,Tutti frutti
3784,Tuttobene
3785,Tutti-frufrutti
3786,Twister
3787,Twiste
3788,Two Girls
3789,Tybot's
3790,U-Boot
3791,U stracciu
3792,U.N.
3793,Ultime Cocktail
3794,Uachtar éireann
3795,Ulysse Coco Champagne
3796,Ultraviolet
3797,Upper cut (Uppercut)
3798,Un pur bonheur
3799,Up-To-Date
3800,Unilatéral
3801,Uncharted 3 Drinks Reception
3802,Urg
3803,V.s.d.
3804,Ursula
3805,Vache folle
3806,Valentine
3807,Valencia Smile
3808,Valse
3809,Vallee d'auge
3810,Vanderbilt
3811,Vampire d'Halloween
3812,Vanila Milk shake
3813,Vanilla Shooter
3814,VCR
3815,Vasco
3816,Vanina
3817,Varené vino
3818,VDK
3819,Vegano
3820,Vegetables's beer
3821,Velvet
3822,Velvet cup
3823,Vegetable symphony
3824,Velvet Hammer
3825,Venda da Cruz de Pombal
3826,Vengo del sol
3827,Vendetta
3828,Venice
3829,Vent du diable
3830,Venin de Python
3831,Venus
3832,Venus aphro
3833,Vera Rush
3834,Venus as a boy
3835,Verdi
3836,Verminut
3837,Verdure
3838,Vermouth
3839,Vermouth cassis
3840,Vermouth pêche
3841,Veronique
3842,Verra Mexiquaine
3843,Vertige
3844,Verveine rose
3845,Verveine creole
3846,Verveine glacée
3847,Vesper
3848,Very Bad Drink
3849,Vespetro
3850,Vespucci
3851,Vésuve
3852,Veuve triste
3853,Veuve rouge
3854,Viagra
3855,Via les antilles
3856,Vibration
3857,Vice city
3858,Victoria
3859,Virgin Tequila Sunrise
3860,Victory collins
3861,Vin de pruneaux
3862,Vierge
3863,Vienna shooter
3864,Vie en rose
3865,Vieux carré
3866,Vin blanc camomille
3867,Viking
3868,Village
3869,Vin aux pruneaux
3870,Vin blanc chaud
3871,Vin chaud à l'orange
3872,Vin chaud
3873,Vin catalan
3874,Vin chaud alsacien
3875,Vin chaud aux épices
3876,Vin chaud parfait
3877,Vin Chaud sans alcool
3878,Vin chaud soudain
3879,Vin de bruyère
3880,Vin de Camomille
3881,Vin de cerises
3882,Vin de prunes
3883,Vin d'épine vinette
3884,Vin de sauge
3885,Vin de rhubarbe
3886,Vin de vanille
3887,Vin de sureau
3888,Vin des Dieux
3889,Vin d'abricot
3890,Vin d'anis
3891,Vin d'absinthe
3892,Vin d'oranges
3893,Vin d'eucalyptus
3894,Vinaigre au basilic
3895,Vinaigre à l'estragon
3896,Vin marquis
3897,Vin rosé
3898,Vinaigre aux mûres
3899,Vinaigre à l'ail
3900,Vinaigre aux bleuets
3901,Virgin Zombie
3902,Vinaigre de cidre
3903,Vitalität
3904,Vitamine
3905,Viti levu
3906,Vittel
3907,Vitto Puente
3908,Viva italia
3909,Viva Villa
3910,Vin de chicorée
3911,Vin de citron
3912,Vin de coings
3913,Vin de Colette
3914,Vin de genièvre
3915,Vin de fraises
3916,Vin de Figues
3917,Vin de framboises
3918,Vin de gentiane
3919,Vin de gingembre
3920,Vinaigre des 4 voleurs
3921,Vinaigre de framboise
3922,Vinaigre de rose
3923,Vin de griotte
3924,Vinaigre de vin
3925,Vinaigre de gingembre
3926,Vincao
3927,Vinho quente
3928,Violet Collins
3929,Violetta
3930,Virgin Amaretto Cola
3931,Violette exotique
3932,Violet Gin Tonic
3933,Virgin Amaretto Sour
3934,Violettera
3935,Vino Tea pot
3936,Virgin bellini
3937,Virgin colada
3938,Virgin Cuba Libre
3939,Virgin chapala
3940,Virgin Bullshot
3941,Virgin champagne
3942,Virgin Ginger Beer
3943,Virgin Irish Coffee
3944,Virgin Margarita
3945,Virgin Mary
3946,Vodka salty dog
3947,Vodka Skittles
3948,Vodka arlequin
3949,Vladivostok
3950,Vivacité
3951,Vodcafétini
3952,Vodka sour
3953,Vodka sling
3954,Vin de miel
3955,Vodka Stinger
3956,Vin de mélisse
3957,Vin de laurier
3958,Vin de mûres
3959,Vin de marjolaine
3960,Vin de Noël
3961,Vin de pâquerette
3962,Vin de noix
3963,Vin de Pêche
3964,Vin de poire
3965,Virgin Mojito
3966,Vin de Pissenlit
3967,Virgin Pina Colada
3968,Virgin Punch a l'ananas
3969,Virgin Sangria
3970,Virgin Seabreeze
3971,Vodka au citron
3972,Vodka Blue
3973,Vodka bubble gum
3974,Vodka café
3975,Vodka Carambar (Vodkarambar)
3976,Vodka Banana
3977,Vodka caramel
3978,Vodka caramel au kirsch
3979,Vodka Chocolat
3980,Vodka chamallow
3981,Vodka collins
3982,Vodka Cooler
3983,Vodka dragibus
3984,Vodka Daisy
3985,Vodka Espresso
3986,Vodka framboise
3987,Vodka Fraise Citron Jello
3988,Vodka fruité
3989,Vodka Fweestyle
3990,Vodka gimlet
3991,Vodka gingembre
3992,Vodka grenade
3993,Vodka groseille
3994,Vodka mint
3995,Vodka malabar
3996,Vodka mary
3997,Vodka martini (Vodkatini)
3998,Vodka Nikolaschka
3999,Vodka pêche
4000,Vodka noisette
4001,Vodka Passoa
4002,Vodka tagada
4003,Vodka virus
4004,Vodka tonic
4005,Vodka Vanille
4006,Vodka zoulou
4007,Vodka-piment
4008,Vodkamel pomme
4009,Vodkacola
4010,Vodka piment
4011,Vodka piments
4012,Vodka poivre
4013,Vodka red bull
4014,Vodka réglisse
4015,Vodka rickey
4016,Vodkapple (Vodka pomme)
4017,Vodkaultrasweet
4018,Vol de Nuit
4019,Vodkorange
4020,Vodtagada
4021,Volupte
4022,Volga
4023,Volupte 2
4024,Volupte aphrodisiak
4025,Wake up
4026,VRPC
4027,Waf Waf
4028,Voyageur las
4029,Waldorf cocktail
4030,Walking Dead
4031,Wallace Punch
4032,Ward Eigth (Ward 8)
4033,Warday's cocktail
4034,Wallis
4035,Warm up
4036,Wapplesky
4037,Walters
4038,Warsaw cocktail
4039,Washinton cocktail
4040,Watch Dogs
4041,Wassail
4042,Waterbury cocktail
4043,Watermelon punch
4044,Waterlime Jello
4045,Watermelon
4046,Wax
4047,Watermelon Vodka
4048,Wedding Belle
4049,Webster's F-Street Layaway Plan
4050,Wedding cocktail
4051,Weep no more
4052,Wembley
4053,Western Russian
4054,Western rose
4055,Wesley
4056,Whirlaway
4057,Whiskanis
4058,Whiskey cocktail
4059,Whiskey Sour
4060,Whisky coca framboises
4061,Whisky Coca
4062,Whisky cocktail
4063,Whisky Crusta
4064,Whisky Egg Nog
4065,Whisky Daisy
4066,Whisky Fix
4067,Whisky Highball
4068,Whisky Flip
4069,Whisky Milk Punch
4070,Whisky orange
4071,Whisky Rickey
4072,Whisky Sangaree
4073,Whisky Single Malt
4074,Whisky Sling
4075,White Biarnes
4076,Whisky Sour
4077,White Canadian
4078,White Cosmopolitan
4079,White land
4080,White Cuban
4081,White Lady
4082,White Heather
4083,White Lady Jello
4084,White lion
4085,White Mint Lady
4086,White Lily
4087,White Rose
4088,White Russian
4089,White Spider
4090,White Trash
4091,White Wedding
4092,Why not ?
4093,Wild thing
4094,Wilder
4095,Wild Purple
4096,Williams dry
4097,Willy
4098,Windex
4099,Wine Cooler
4100,Wine Spodiodi
4101,Winter cocktail
4102,Winston
4103,Winter warmer
4104,Witch
4105,Wistiti
4106,Woo Woo
4107,Wizard
4108,Woman warrior
4109,Woodward
4110,Wondershaker
4111,Wodka gimlet
4112,Woodstock
4113,Woody
4114,Woody Wood
4115,World Mix
4116,Word champion
4117,X Y Z cocktail
4118,WTF
4119,Xagatoine
4120,Xantia cocktail
4121,Wsciekly pies (Chien enragé)
4122,Xeres cocktail
4123,Y2k
4124,Yale cocktail
4125,Yaourt à boire à la banane
4126,Yacht People
4127,Xmas
4128,Yaoo
4129,Yaourt à boire
4130,Yaourt à boire à la fraise
4131,Yaourt à boire à la framboise
4132,Yaourt à boire à la mangue
4133,Yaourt à boire à la pêche
4134,Yaourt à boire au chocolat
4135,YDM's Punch
4136,Yellow cab
4137,Yellow bird
4138,Yellow Daisy
4139,Yellow island
4140,Yellow fingers
4141,Yellow parrot
4142,Yellow Parrot 2
4143,Yellow Sister
4144,Yellow Speed
4145,Yellow submarine
4146,Yellow worm
4147,Yodel
4148,Yétiko
4149,Youcoulélé
4150,Yorsh
4151,You can dance
4152,Yoyo
4153,Za-Za
4154,Zabriskie Cocktail
4155,Zanzibar
4156,Zaza
4157,Zéro Absolu
4158,Zero à l'horizon
4159,Zephyr
4160,Zhong Zag
4161,Ziegfeld
4162,Zilfi
4163,Zizi coin coin amélioré
4164,Zizi coincoin
4165,Zombie
4166,Zjonca
4167,Zombie 3
4168,Zombie 2
4169,Zone
4170,Zurra
4171,Zorro
4172,Zucca dada cup
